Workbook
Name Apersiapan1: 'A.1.1.Pekerjaan Persiapan'!$B$14:$I$14
Name Apersiapan10: 'A.1.1.Pekerjaan Persiapan'!$B$215:$I$215
Name Apersiapan11: 'A.1.1.Pekerjaan Persiapan'!$B$233:$I$233
Name Apersiapan12: 'A.1.1.Pekerjaan Persiapan'!$B$250:$I$250
Name Apersiapan13: 'A.1.1.Pekerjaan Persiapan'!$B$267:$I$267
Name Apersiapan14: 'A.1.1.Pekerjaan Persiapan'!$B$286:$I$286
Name Apersiapan15: 'A.1.1.Pekerjaan Persiapan'!$B$309:$I$309
Name Apersiapan16: 'A.1.1.Pekerjaan Persiapan'!$B$337:$I$337
Name Apersiapan2: 'A.1.1.Pekerjaan Persiapan'!$B$37:$I$37
Name Apersiapan3: 'A.1.1.Pekerjaan Persiapan'!$B$61:$I$61
Name Apersiapan4: 'A.1.1.Pekerjaan Persiapan'!$B$83:$I$83
Name Apersiapan5: 'A.1.1.Pekerjaan Persiapan'!$B$102:$I$102
Name Apersiapan6: 'A.1.1.Pekerjaan Persiapan'!$B$133:$I$133
Name Apersiapan7: 'A.1.1.Pekerjaan Persiapan'!$B$153:$I$153
Name Apersiapan8: 'A.1.1.Pekerjaan Persiapan'!$B$177:$I$177
Name Apersiapan9: 'A.1.1.Pekerjaan Persiapan'!$B$201:$I$201
Name BBongkaran1: 'A.1.2.Pekerjaan Bongkaran'!$B$3:$K$15
Name BBongkaran10: 'A.1.2.Pekerjaan Bongkaran'!$B$157:$I$174
Name BBongkaran11: 'A.1.2.Pekerjaan Bongkaran'!$B$176:$I$191
Name BBongkaran12: 'A.1.2.Pekerjaan Bongkaran'!$B$193:$I$208
Name BBongkaran13: 'A.1.2.Pekerjaan Bongkaran'!$B$210:$I$230
Name BBongkaran2: 'A.1.2.Pekerjaan Bongkaran'!$B$17:$J$33
Name BBongkaran3: 'A.1.2.Pekerjaan Bongkaran'!$B$35:$J$50
Name BBongkaran4: 'A.1.2.Pekerjaan Bongkaran'!$B$52:$J$68
Name BBongkaran5: 'A.1.2.Pekerjaan Bongkaran'!$B$70:$I$85
Name BBongkaran6: 'A.1.2.Pekerjaan Bongkaran'!$B$87:$I$102
Name BBongkaran7: 'A.1.2.Pekerjaan Bongkaran'!$B$104:$I$119
Name BBongkaran8: 'A.1.2.Pekerjaan Bongkaran'!$B$121:$I$138
Name BBongkaran9: 'A.1.2.Pekerjaan Bongkaran'!$B$140:$I$155
Name Bongkaran1: 'A.1.2.Pekerjaan Bongkaran'!$B$3:$I$15
Name CTanah1: 'A.1.3.Pekerjaan Tanah'!$B$3:$I$17
Name CTanah10: 'A.1.3.Pekerjaan Tanah'!$B$148:$I$162
Name CTanah11: 'A.1.3.Pekerjaan Tanah'!$B$164:$I$178
Name CTanah12: 'A.1.3.Pekerjaan Tanah'!$B$180:$I$198
Name CTanah13: 'A.1.3.Pekerjaan Tanah'!$B$200:$I$214
Name CTanah14: 'A.1.3.Pekerjaan Tanah'!$B$216:$I$230
Name CTanah15: 'A.1.3.Pekerjaan Tanah'!$B$232:$I$249
Name CTanah16: 'A.1.3.Pekerjaan Tanah'!$B$251:$I$266
Name CTanah17: 'A.1.3.Pekerjaan Tanah'!$B$268:$I$284
Name CTanah18: 'A.1.3.Pekerjaan Tanah'!$B$286:$I$303
Name CTanah2: 'A.1.3.Pekerjaan Tanah'!$B$20:$I$34
Name CTanah3: 'A.1.3.Pekerjaan Tanah'!$B$36:$I$50
Name CTanah4: 'A.1.3.Pekerjaan Tanah'!$B$53:$I$67
Name CTanah5: 'A.1.3.Pekerjaan Tanah'!$B$69:$I$83
Name CTanah6: 'A.1.3.Pekerjaan Tanah'!$B$85:$I$99
Name CTanah7: 'A.1.3.Pekerjaan Tanah'!$B$101:$I$115
Name CTanah8: 'A.1.3.Pekerjaan Tanah'!$B$117:$I$131
Name CTanah9: 'A.1.3.Pekerjaan Tanah'!$B$133:$I$146
Name DPondasi1: 'A.1.4.Pekerjaan Pondasi'!$B$4:$I$22
Name DPondasi10: 'A.1.4.Pekerjaan Pondasi'!$B$187:$I$208
Name DPondasi11: 'A.1.4.Pekerjaan Pondasi'!$B$210:$I$229
Name DPondasi2: 'A.1.4.Pekerjaan Pondasi'!$B$24:$I$43
Name DPondasi3: 'A.1.4.Pekerjaan Pondasi'!$B$45:$I$63
Name DPondasi4: 'A.1.4.Pekerjaan Pondasi'!$B$65:$I$83
Name DPondasi5: 'A.1.4.Pekerjaan Pondasi'!$B$85:$I$103
Name DPondasi6: 'A.1.4.Pekerjaan Pondasi'!$B$105:$I$124
Name DPondasi7: 'A.1.4.Pekerjaan Pondasi'!$B$126:$I$145
Name DPondasi8: 'A.1.4.Pekerjaan Pondasi'!$B$147:$I$166
Name DPondasi9: 'A.1.4.Pekerjaan Pondasi'!$B$168:$I$185
Name EDinding1: 'A.1.5.Pekerjaan Pasangan'!$B$4:$J$22

Sheet DAFTAR ISI
B7: A.1. AHSP KONSTRUKSI BIDANG CIPTA KARYA
B9: NO | C9: JENIS PEKERJAAN | D9: KODE
B10: A.1.1 | C10: PEKERJAAN PERSIAPAN
B11: A.1.1.1 | C11: (K3) Pembuatan 1 m2 pagar sementara dari kayu | D11: 28/2016
B12: A.1.1.2 | C12: (K3) Pembuatan 1 m2 pagar sementara dari seng gelombang | D12: 28/2016
B13: A.1.1.3 | C13: (K3) Pembuatan 1 m2 pagar sementara dari kawat duri | D13: 28/2016
B14: A.1.1.4 | C14: Pengukuran dan pemasangan 1 m2 Bouwplank | D14: 28/2016
B15: A.1.1.5 | C15: (K3) Pembuatan 1 m2 kantor sementara lantai plesteran | D15: 28/2016
B16: A.1.1.6 | C16: (K3) Pembuatan 1 m2 rumah jaga | D16: 28/2016
B17: A.1.1.7 | C17: (K3) Pembuatan 1 m2 gudang semen dan peralatan | D17: 28/2016
B18: A.1.1.8 | C18: (K3) Pembuatan 1 m2 bedeng pekerja | D18: 28/2016
B19: A.1.1.9 | C19: (K3) Pembersihan dan perataan lapangan 1 m2 | D19: 28/2016
B20: A.1.1.10 | C20: (K3) Pembuatan 1 m2 perancah dari bambu | D20: 28/2016
B21: A.1.1.11 | C21: Pembuatan 1 buah kotak adukan ukuran 40 cm x 50 cm x 25 cm | D21: 28/2016
B22: A.1.1.12 | C22: Pembuatan 1 m2 jalan sementara | D22: 28/2016
... B26: A.1.1.16 | C26: Pembuatan Papan Nama Proyek 80x120 cm (bahan flexi) | D26: AK
B27: A.1.2 | C27: PEKERJAAN BONGKARAN
B28: A.1.2.1 | C28: Pembongkaran 1 m3 beton bertulang | D28: 28/2016
B29: A.1.2.2 | C29: Pembongkaran 1 m2 dinding tembok | D29: 28/2016
B30: A.1.2.3 | C30: Pembongkaran pasangan batu kali 1 m3 | D30: AK
B31: A.1.2.4 | C31: Pembongkaran lantai tegel untuk dipergunakan lagi 1 m2 | D31: AK
B32: A.1.2.5 | C32: Mengupas plesteran lama 1 m2 | D32: AK
B33: A.1.2.6 | C33: Pembongkaran genteng / sirap untuk dipergunakan lagi 1 m2 | D33: AK
B34: A.1.2.7 | C34: Pembongkaran atap seng 1 m2 | D34: AK
B35: A.1.2.8 | C35: Pembongkaran usuk / reng dipakai lagi 1 m2 | D35: AK
B36: A.1.2.9 | C36: Pembongkaran usuk / reng tidak dipakai lagi 1 m2 | D36: AK
B37: A.1.2.10 | C37: Pembongkaran kayu balok loteng, kuda-kuda, dlurung, jembatan untuk digunakan lagi 1 m3 | D37: AK
B38: A.1.2.11 | C38: Pembongkaran kayu balok loteng, kuda-kuda, dlurung, jembatan tidak digunakan lagi 1 m3 | D38: AK
B39: A.1.2.12 | C39: Pembongkaran Plafon dgn rangka, tidak digunakan lagi 1 m2 | D39: AK
B40: A.1.2.13 | C40: Mengerjakan kembali bangunan kayu yang telah dibongkar 1 m3 | D40: AK
B41: A.1.3 | C41: PEKERJAAN TANAH
B42: A.1.3.1 | C42: Penggalian tanah biasa sedalam 1 m | D42: 28/2016
B43: A.1.3.2 | C43: Penggalian tanah biasa sedalam 2 m | D43: 28/2016
B44: A.1.3.3 | C44: Penggalian tanah biasa sedalam 3 m | D44: 28/2016
B45: A.1.3.4 | C45: Penggalian tanah keras sedalam 1 m | D45: 28/2016
B46: A.1.3.5 | C46: Penggalian tanah cadas sedalam 1 m | D46: 28/2016
B47: A.1.3.6 | C47: Penggalian tanah lumpur sedalam 1 m | D47: 28/2016
B48: A.1.3.7 | C48: Pengerjaan stripping setinggi 1 m | D48: 28/2016
B49: A.1.3.8 | C49: (K3) Pembuangan tanah | D49: 28/2016
B50: A.1.3.9 | C50: Pengurugan kembali 1 m3 galian tanah | D50: 28/2016
B51: A.1.3.10 | C51: (K3) Pemadatan tanah per 20 cm | D51: 28/2016
B52: A.1.3.11 | C52: Pengurugan dengan pasir urug | D52: 28/2016
B53: A.1.3.12 | C53: Pemasangan lapisan pudel 1:3:7 | D53: 28/2016
... B59: A.1.3.18 | C59: Gebalan rumput m2 | D59: AK
B60: A.1.4 | C60: PEKERJAAN PONDASI
B61: A.1.4.1 | C61: Pemasangan pondasi batu belah 1PC:3PP | D61: 28/2016
B62: A.1.4.2 | C62: Pemasangan pondasi batu belah 1PC:4PP | D62: 28/2016
B63: A.1.4.3 | C63: Pemasangan pondasi batu belah 1PC:5PP | D63: 28/2016
B64: A.1.4.4 | C64: Pemasangan pondasi batu belah 1PC:6PP | D64: 28/2016
B65: A.1.4.5 | C65: Pemasangan pondasi batu belah 1PC:8PP | D65: 28/2016
B66: A.1.4.6 | C66: Pemasangan pondasi batu belah 1KP:1SM:2 PP | D66: 28/2016
B67: A.1.4.7 | C67: Pemasangan pondasi batu belah 1PC:3KP:10 PP | D67: 28/2016
B68: A.1.4.8 | C68: Pemasangan pondasi batu belah 1/4PC:1KP:4 PP | D68: 28/2016
B69: A.1.4.9 | C69: (K3) Pemasangan batu kosong (aanstamping) | D69: 28/2016
B70: A.1.4.10 | C70: Pemasangan pondasi siklop 60% beton | D70: 28/2016
B71: A.1.4.11 | C71: Pemasangan pondasi sumuran Ø 100cm | D71: 28/2016
B72: A.1.5 | C72: PEKERJAAN DINDING PASANGAN
B73: A.1.5.1 | C73: Pemasangan dinding bata merah 1 batu campuran 1PC:2PP | D73: 28/2016
B74: A.1.5.2 | C74: Pemasangan dinding bata merah 1 batu campuran 1PC:3PP | D74: 28/2016
B75: A.1.5.3 | C75: Pemasangan dinding bata merah 1 batu campuran 1PC:4PP | D75: 28/2016
B76: A.1.5.4 | C76: Pemasangan dinding bata merah 1 batu campuran 1PC:5PP | D76: 28/2016
B77: A.1.5.5 | C77: Pemasangan dinding bata merah 1 batu campuran 1PC:6PP | D77: 28/2016
B78: A.1.5.6 | C78: Pemasangan dinding bata merah 1 batu 1PC:3KP: 10PP | D78: 28/2016
B79: A.1.5.7 | C79: Pemasangan dinding bata merah 1/2 batu campuran 1PC:2PP | D79: 28/2016
B80: A.1.5.8 | C80: Pemasangan dinding bata merah 1/2 batu campuran 1PC:3PP | D80: 28/2016
B81: A.1.5.9 | C81: Pemasangan dinding bata merah 1/2 batu campuran 1PC:4PP | D81: 28/2016
B82: A.1.5.10 | C82: Pemasangan dinding bata merah 1/2 batu campuran 1PC:5PP | D82: 28/2016
B83: A.1.5.11 | C83: Pemasangan dinding bata merah 1/2 batu campuran 1PC:6PP | D83: 28/2016
B84: A.1.5.12 | C84: Pemasangan dinding bata merah 1/2 batu 1PC:8PP | D84: 28/2016
... B101: A.1.5.29 | C101: Pemasangan rollag bata , campuran spesi 1 PC : 3 PP | D101: AK
B102: A.1.6 | C102: PEKERJAAN BETON
B103: A.1.6.1 | C103: Pembuatan 1 m3 beton mutu fc 7,4 MPa | D103: 28/2016
B104: A.1.6.2 | C104: Pembuatan 1 m3 beton mutu fc 9,8 MPa | D104: 28/2016
B105: A.1.6.3 | C105: Pembuatan 1 m3 beton mutu fc 12,2 MPa | D105: 28/2016
B106: A.1.6.4 | C106: Pembuatan 1 m3 lantai kerja beton mutu fc 7.4 MPa | D106: 28/2016
B107: A.1.6.5 | C107: Pembuatan 1 m3 beton mutu fc 14,5 MPa | D107: 28/2016
B108: A.1.6.6 | C108: Pembuatan 1 m3 beton mutu fc 16,9 MPa | D108: 28/2016
B109: A.1.6.7 | C109: Pembuatan 1 m3 beton mutu fc 19,3 MPa | D109: 28/2016
B110: A.1.6.8 | C110: Pembuatan 1 m3 beton mutu fc 21,7 MPa | D110: 28/2016
B111: A.1.6.9 | C111: Pembuatan 1 m3 beton mutu fc 24 MPa | D111: 28/2016
B112: A.1.6.10 | C112: Pembuatan 1 m3 beton mutu fc 26,4 MPa | D112: 28/2016
B113: A.1.6.11 | C113: Pembuatan 1 m3 beton mutu fc 28,8 MPa | D113: 28/2016
B114: A.1.6.12 | C114: Pembuatan 1 m3 beton mutu fc 31,2 MPa | D114: 28/2016
... B138: A.1.6.36 | C138: Cor beton Devider ( 30 x 30 ) cm | D138: AK
B139: A.1.7 | C139: PEKERJAAN BETON PRACETAK
B140: A.1.7.1 | C140: (K3) Pembuatan 1m2 lahan produksi tebal 8 cm beton f’c 14,5 MPa, slump (120 ± 20) mm | D140: 28/2016
B141: A.1.7.2 | C141: (K3) Pembuatan 1m2 lahan produksi tebal 10 cm beton f’c 14,5 MPa, slump (120 ± 20) mm | D141: 28/2016
B142: A.1.7.3 | C142: (K3) Pembuatan 1m2 lahan produksi tebal 12 cm beton f’c 14,5 MPa, slump (120 ± 20) mm | D142: 28/2016
B143: A.1.7.4 | C143: (K3) Pembuatan 1m2 lahan produksi tebal 15 cm beton f’c 14,5 MPa, slump (120 ± 20) mm | D143: 28/2016
B144: A.1.7.5 | C144: Pembuatan 1m2 bekisting untuk pelat beton pracetak (5 kali pakai) | D144: 28/2016
B145: A.1.7.6 | C145: Pembuatan 1m2 bekisting untuk balok beton pracetak (10-12 kali pakai) | D145: 28/2016
B146: A.1.7.7 | C146: Pembuatan 1m2 bekisting untuk kolom beton pracetak (10-12 kali pakai) | D146: 28/2016
B147: A.1.7.8 | C147: Pemasangan dan membuka bekisting 1 buah komponen untuk pelat beton pracetak | D147: 28/2016
B148: A.1.7.9 | C148: Pemasangan dan membuka bekisting 1 buah komponen untuk balok beton pracetak | D148: 28/2016
B149: A.1.7.10 | C149: Pemasangan dan membuka bekisting 1 buah komponen untuk kolom beton pracetak | D149: 28/2016
B150: A.1.7.11 | C150: Penuangan/menebar beton 1 m3 untuk pelat beton pracetak | D150: 28/2016
B151: A.1.7.12 | C151: Penuangan/menebar beton 1 m3 untuk balok beton pracetak | D151: 28/2016
... B163: A.1.7.24 | C163: Upah 1 titik joint dengan sling | D163: 28/2016
B164: A.1.8 | C164: PEKERJAAN PLESTERAN
B165: A.1.8.1 | C165: Pemasangan plesteran 1PC:1PP tebal 15 mm | D165: 28/2016
...

Sheet PERBANDINGAN
B7: A.1. AHSP KONSTRUKSI BIDANG CIPTA KARYA
B9: No. | C9: KELOMPOK PEKERJAAN | D9: No. | E9: AHSP
E10: PERWAL NO. 66 Tahun 2015 | G10: PERMEN PU NO.28/PRT/M/2016 | I10: PERMEN PU NO.11/PRT/M/2013
D11: A.1.1 PEKERJAAN PERSIAPAN
B12: 1 | C12: PEKERJAAN PERSIAPAN | D12: 1 | E12: Pekerjaan Pengukuran & Pemasangan Bowplank | F12: 4 | G12: Pengukuran dan pemasangan Bouwplank 1 m2 | H12: 4 | I12: Pengukuran dan pemasangan Bouwplank 1 m2
C13: A.1.1 | D13: =D12+1 -> 2 | E13: Pekerjaan Pengukuran Gedung 1 m2
D14: =D13+1 -> 3 | E14: Membersihkan Lapangan dan Perataan 1 m2 | F14: 8 | G14: (K3) Pembersihan dan perataan lapangan 1 m2 | H14: 8 | I14: Pembersihan dan perataan lapangan 1 m2
D15: =D14+1 -> 4 | E15: Pembuatan jalan sementara, tebal 25 cm per 1 m2
D16: =D15+1 -> 5 | E16: Pembuatan Jalan Sementara 1 m2 | F16: 12 | G16: Pembuatan 1 m2 jalan sementara | H16: 12 | I16: Pembuatan 1 m2 jalan sementara
D17: =D16+1 -> 6 | E17: Pekerjaan Kantor Direksi Keet , dengan lantai plesteran 1 m2 | F17: 5 | G17: Pembuatan 1 m2 kantor sementara | H17: 5 | I17: Pembuatan 1 m2 kantor sementara
D18: =D17+1 -> 7 | E18: Pagar Sementara dari Seng Gelombang tinggi 2 m | F18: 2 | G18: (K3) Pembuatan 1 m2 pagar sementara dari seng gelombang | H18: 2 | I18: Pembuatan 1 m2 pagar sementara dari seng gelombang
D19: =D18+1 -> 8 | E19: Pagar Sementara dari Kawat Duri tinggi 1.8 m | F19: 3 | G19: (K3) Pembuatan 1 m2 pagar sementara dari kawat duri | H19: 3 | I19: Pembuatan 1 m2 pagar sementara dari kawat duri
D20: =D19+1 -> 9 | E20: Pagar Sementara dari Kayu tinggi 2 m | F20: 1 | G20: (K3) Pembuatan 1 m2 pagar sementara dari kayu | H20: 1 | I20: Pembuatan 1 m2 pagar sementara dari kayu
D21: =D20+1 -> 10 | E21: Pasang pagar kawat jaring galvanis, tinggi 1,00 m | F21: 15 | G21: Pemasangan 1 m2 kawat jaring galvanis | H21: 15 | I21: Pemasangan 1 m2 kawat jaring galvanis
D22: =D21+1 -> 11 | E22: Pembuatan Gudang Semen dan Alat - alat 1 m2 | F22: 6 | G22: (K3) Pembuatan 1 m2 gudang | H22: 6 | I22: Pembuatan 1 m2 gudang
D23: =D22+1 -> 12 | E23: Pembuatan Rumah Jaga / Konstruksi Kayu 1 m2 | F23: 7 | G23: (K3) Pembuatan 1 m2 rumah jaga | H23: 7 | I23: Pembuatan 1 m2 rumah jaga
D24: =D23+1 -> 13 | E24: Pembuatan Bedeng Buruh 1 m2 | F24: 9 | G24: (K3) Pembuatan 1 m2 bedeng pekerja | H24: 9 | I24: Pembuatan 1 m2 bedeng pekerja
D25: =D24+1 -> 14 | E25: Pembuatan Bak Adukan ( 40 x 50 x 20 ) cm 1 m2 | F25: 10 | G25: Pembuatan 1 m2 bak adukan | H25: 10 | I25: Pembuatan 1 m2 bak adukan
D26: =D25+1 -> 15 | E26: Pembuatan Stegger dari Bambu, 1 m2 | F26: 11 | G26: (K3) Pembuatan 1 m2 perancah dari bambu | H26: 11 | I26: Pembuatan 1 m2 perancah dari bambu
D27: =D26+1 -> 16 | E27: Pasang pagar beton pracetak ( 5 x 50 x 213 ) cm | F27: 16 | G27: Pemasangan 1 m2 pagar beton pracetak 50x50x240 untuk pagar | H27: 16 | I27: Pemasangan 1 m2 pagar beton pracetak
D28: =D27+1 -> 17 | E28: Membuat Papan Nama Proyek 80x120 cm (bahan seng)
D29: =D28+1 -> 18 | E29: Membuat Papan Nama Proyek 80x120 cm (bahan flexi)
D30: =D29+1 -> 19 | E30: Pemasangan 1m2 pagar kawat jaring galvanis panjang 240 cm
D31: =D30+1 -> 20 | E31: Pembuatan 1 buah kotak adukan ukuran 40cm x50cm x25cm
B33: 2 | D33: A.1.2 PEKERJAAN BONGKARAN
C34: A.1.2 | D34: 1 | E34: Membongkar pasangan batu kali 1 m3
D35: =D34+1 -> 2 | E35: Membongkar pasangan batu merah dan membersihkan 1 m3
D36: =D35+1 -> 3 | E36: Pembongkaran 1m2 dinding tembok bata | F36: 14 | G36: Pembongkaran 1 m2 dinding tembok | H36: 14 | I36: Pembongkaran 1 m2 dinding tembok
D37: =D36+1 -> 4 | E37: Membongkar beton bertulang dan membersihkan 1 m3
D38: =D37+1 -> 5 | E38: Pembongkaran 1m3 beton bertulang | F38: 13 | G38: Pembongkaran 1 m3 beton bertulang | H38: 13 | I38: Pembongkaran 1 m3 beton bertulang
D39: =D38+1 -> 6 | E39: Pekerjaan bongkar lantai tegel untuk dipergunakan lagi 1 m2
D40: =D39+1 -> 7 | E40: Mengupas plesteran lama 1 m2
D41: =D40+1 -> 8 | E41: Membongkar genteng / sirap untuk dipergunakan lagi 1 m2
D42: =D41+1 -> 9 | E42: Membongkar atap seng 1 m2
D43: =D42+1 -> 10 | E43: Membongkar usuk / reng dipakai lagi 1 m2
D44: =D43+1 -> 11 | E44: Membongkar usuk / reng tidak dipakai lagi 1 m2
D45: =D44+1 -> 12 | E45: Membongkar kayu balok loteng, kuda-kuda, dlurung, jembatan untuk digunakan lagi 1 m3
D46: =D45+1 -> 13 | E46: Membongkar kayu balok loteng, kuda-kuda, dlurung, jembatan tidak digunakan lagi 1 m3
D47: =D46+1 -> 14 | E47: Membongkar Plafon dgn rangka, tidak digunakan lagi 1 m2
D48: =D47+1 -> 15 | E48: Mengerjakan kembali bangunan kayu yang telah dibongkar 1 m3
D49: A.1.3 PEKERJAAN TANAH
B50: 3 | C50: PEKERJAAN TANAH | D50: 1 | E50: Menggali tanah biasa sedalam 1 meter 1 m3 | F50: 1 | G50: Penggalian tanah biasa sedalam 1 m | H50: 1 | I50: Penggalian tanah biasa sedalam 1 m
C51: A.1.3 | D51: 2 | E51: Menggali tanah biasa sedalam 2 meter m3 | F51: 2 | G51: Penggalian tanah biasa sedalam 2 m | H51: 2 | I51: Penggalian tanah biasa sedalam 2 m
D52: 3 | E52: Menggali tanah biasa sedalam 3 meter m3 | F52: 3 | G52: Penggalian tanah biasa sedalam 3 m | H52: 3 | I52: Penggalian tanah biasa sedalam 3 m
D53: 4 | E53: Menggali tanah keras sedalam 1 meter m3 | F53: 4 | G53: Penggalian tanah keras sedalam 1 m | H53: 4 | I53: Penggalian tanah keras sedalam 1 m
D54: 5 | E54: Menggali tanah cadas sedalam 1 meter m3 | F54: 5 | G54: Penggalian tanah cadas sedalam 1 m | H54: 5 | I54: Penggalian tanah cadas sedalam 1 m
D55: 6 | E55: Menggali tanah lumpur sedalam 1 meter m3 | F55: 6 | G55: Penggalian tanah lumpur sedalam 1 m | H55: 6 | I55: Penggalian tanah lumpur sedalam 1 m
D56: 7 | E56: Mengerjakan stripping tebing setinggi 1 meter m2 | F56: 7 | G56: Pengerjaan stripping setinggi 1 m | H56: 7 | I56: Pengerjaan stripping setinggi 1 m
D57: 8 | E57: Membuang tanah sejauh 15 meter m3 | F57: 8 | G57: (K3) Pembuangan tanah sejauh 30 m | H57: 8 | I57: Pembuangan tanah sejauh 30 m
D58: 9 | E58: Mengurug kembali m3
D59: 10 | E59: Urug kembali bekas galian m3 | H59: 9 | I59: Pengurugan kembali galian
D60: 11 | E60: Membuang tanah sejauh 30 meter m3
D61: 12 | E61: Membuang tanah sejauh 150 meter m3
D62: 13 | E62: Memadatkan tanah (per 20 cm) m3 | F62: 9 | G62: (K3) Pemadatan tanah per 20 cm | H62: 10 | I62: Pemadatan tanah per 20 cm
D63: 14 | E63: Meratakan tanah ditumbuk halus m2
D64: 15 | E64: Mengurug pasir urug m3 | F64: 10 | G64: Pengurugan dengan pasir urug | H64: 11 | I64: Pengurugan dengan pasir urug
D65: 16 | E65: Memasang Lapisan pudel campuran 1 KP : 3 PP : 7 TL untuk stabilisasi tanah m3 | F65: 11 | G65: Pemasangan lapisan pudel 1:3:7 | H65: 12 | I65: Pemasangan lapisan pudel 1:3:7
D66: 17 | E66: Memasang Lapisan pudel campuran 1 KP : 5 TL untuk stabilisasi tanah m3 | F66: 12 | G66: Pemasangan lapisan pudel 1:5 | H66: 13 | I66: Pemasangan lapisan pudel 1:5
D67: 18 | E67: Memasang lapisan ijuk tebal 10 cm, untuk bidang resapan m2
D68: 19 | E68: Pemasangan lapisan ijuk m3 | F68: 13 | G68: Pemasangan lapisan ijuk | H68: 14 | I68: Pemasangan lapisan ijuk
D69: 20 | E69: Mengurug sirtu padat untuk peninggian lantai bangunan m3 | F69: 14 | G69: Pengurugan dengan sirtu padat | H69: 15 | I69: Pengurugan dengan sirtu padat
D70: 21 | E70: Mengurug tanah m3
D71: 22 | E71: Membuang tanah dengan menghampar m3
D72: 23 | E72: Membuat sumur m1
D73: 24 | E73: Gebalan rumput m2
D74: A.1.4 PEKERJAAN PONDASI
B75: 4 | C75: PEKERJAAN PONDASI | D75: 1 | E75: Pasangan pondasi 1 Pc : 2 Ps
C76: A.1.4 | D76: 2 | E76: Memasang pondasi batu belah, campuran 1 PC : 3 PP | F76: 1 | G76: Pemasangan pondasi batu belah 1PC:3PP | H76: 1 | I76: Pemasangan pondasi batu belah 1PC:3PP
D77: 3 | E77: Memasang pondasi batu belah, campuran 1 PC : 4 PP | F77: 2 | G77: Pemasangan pondasi batu belah 1PC:4PP | H77: 2 | I77: Pemasangan pondasi batu belah 1PC:4PP
D78: 4 | E78: Memasang pondasi batu belah, campuran 1 PC : 5 PP | F78: 3 | G78: Pemasangan pondasi batu belah 1PC:5PP | H78: 3 | I78: Pemasangan pondasi batu belah 1PC:5PP
D79: 5 | E79: Memasang pondasi batu belah, campuran 1 PC : 6 PP | F79: 4 | G79: Pemasangan pondasi batu belah 1PC:6PP | H79: 4 | I79: Pemasangan pondasi batu belah 1PC:6PP
D80: 6 | E80: Memasang pondasi batu belah, campuran 1 PC : 8 PP | F80: 5 | G80: Pemasangan pondasi batu belah 1PC:8PP | H80: 5 | I80: Pemasangan pondasi batu belah 1PC:8PP
D81: 7 | E81: Memasang pondasi batu belah, campuran 1 KP : 1 SM : 2 PP | F81: 6 | G81: Pemasangan pondasi batu belah 1KP:1SM:2 PP | H81: 6 | I81: Pemasangan pondasi batu belah 1KP:1SM:2 PP
D82: 8 | E82: Pasangan pondasi 1 Pc : 3 Kp : 5 Ps
D83: 9 | E83: Memasang pondasi batu belah, campuran 1 PC : 3 KP : 10 PP | F83: 7 | G83: Pemasangan pondasi batu belah 1PC:3KP:10 PP | H83: 7 | I83: Pemasangan pondasi batu belah 1PC:3KP:10 PP
D84: 10 | E84: Memasang pondasi batu belah, campuran 1/4 PC : 1 KP : 4 PP | F84: 8 | G84: Pemasangan pondasi batu belah 1/4PC:1KP:4 PP | H84: 8 | I84: Pemasangan pondasi batu belah 1/4PC:1KP:4 PP
D85: 11 | E85: Memasang batu kosong (aanstamping) | F85: 9 | G85: (K3) Pemasangan batu kosong (aanstamping) | H85: 9 | I85: (K3) Pemasangan batu kosong (aanstamping)
D86: 12 | E86: Memasang pondasi siklop, 60% beton campuran 1 PC:2 PB:3 KR dan 40% batu belah | F86: 10 | G86: Pemasangan pondasi siklop 60% beton | H86: 10 | I86: Pemasangan pondasi siklop 60% beton
D87: 13 | E87: Memasang pondasi siklop, 60% beton campuran 1 PC:2 PB:3 KR dan 40% batu belah tanpa besi
D88: 14 | E88: Memasang pondasi sumuran, diameter 100 cm | F88: 11 | G88: Pemasangan pondasi sumuran Ø 100cm | H88: 11 | I88: Pemasangan pondasi sumuran Ø 100cm
D89: A.1.5 PEKERJAAN DINDING PASANGAN
B90: 5 | C90: ='[1]Lamp_1 (Konstruksi 1-199)'!$D$531 -> PEKERJAAN DINDING | D90: 1 | E90: Memasang dinding bata merah ukuran (5 x 11 x 22) cm tebal 1 bata, campuran spesi 1 PC : 2 PP | F90: 1 | G90: Pemasangan dinding bata merah 1 batu campuran 1PC:2PP | H90: 1 | I90: Pemasangan dinding bata merah 1 batu campuran 1PC:2PP
C91: A.1.5 | D91: 2 | E91: Memasang dinding bata merah ukuran (5 x 11 x 22) cm tebal 1 bata, campuran spesi 1 PC : 3 PP | F91: 2 | G91: Pemasangan dinding bata merah 1 batu campuran 1PC:3PP | H91: 2 | I91: Pemasangan dinding bata merah 1 batu campuran 1PC:3PP
D92: 3 | E92: Memasang dinding bata merah ukuran (5 x 11 x 22) cm tebal 1 bata, campuran spesi 1 PC : 4 PP | F92: 3 | G92: Pemasangan dinding bata merah 1 batu campuran 1PC:4PP | H92: 3 | I92: Pemasangan dinding bata merah 1 batu campuran 1PC:4PP
D93: 4 | E93: Memasang dinding bata merah ukuran (5 x 11 x 22) cm tebal 1 bata, campuran spesi 1 PC : 5 PP | F93: 4 | G93: Pemasangan dinding bata merah 1 batu campuran 1PC:5PP | H93: 4 | I93: Pemasangan dinding bata merah 1 batu campuran 1PC:5PP
D94: 5 | E94: Memasang dinding bata merah ukuran (5 x 11 x 22) cm tebal 1 bata, campuran spesi 1 PC : 6 PP | F94: 5 | G94: Pemasangan dinding bata merah 1 batu campuran 1PC:6PP | H94: 5 | I94: Pemasangan dinding bata merah 1 batu campuran 1PC:6PP
D95: 6 | E95: Memasang dinding bata merah ukuran (5 x 11 x 22) cm tebal 1 bata, campuran spesi 1 PC : 3 KP : 10 PP | F95: 6 | G95: Pemasangan dinding bata merah 1 batu 1PC:3KP: 2PP | H95: 6 | I95: Pemasangan dinding bata merah 1 batu 1PC:3KP: 2PP
D96: 7 | E96: Memasang dinding bata merah ukuran (5 x 11 x 22) cm tebal 1/2 bata, campuran spesi 1 PC : 2 PP | F96: 7 | G96: Pemasangan dinding bata merah 1/2 batu campuran 1PC:2PP | H96: 7 | I96: Pemasangan dinding bata merah 1/2 batu campuran 1PC:2PP
D97: 8 | E97: Memasang dinding bata merah ukuran (5 x 11 x 22) cm tebal 1/2 bata, campuran spesi 1 PC : 3 PP | F97: 8 | G97: Pemasangan dinding bata merah 1/2 batu campuran 1PC:3PP | H97: 8 | I97: Pemasangan dinding bata merah 1/2 batu campuran 1PC:3PP
D98: 9 | E98: Memasang dinding bata merah ukuran (5 x 11 x 22) cm tebal 1/2 bata, campuran spesi 1 PC : 4 PP | F98: 9 | G98: Pemasangan dinding bata merah 1/2 batu campuran 1PC:4PP | H98: 9 | I98: Pemasangan dinding bata merah 1/2 batu campuran 1PC:4PP
D99: 10 | E99: Memasang dinding bata merah ukuran (5 x 11 x 22) cm tebal 1/2 bata, campuran spesi 1 PC : 5 PP | F99: 10 | G99: Pemasangan dinding bata merah 1/2 batu campuran 1PC:5PP | H99: 10 | I99: Pemasangan dinding bata merah 1/2 batu campuran 1PC:5PP
D100: 11 | E100: Memasang dinding bata merah ukuran (5 x 11 x 22) cm tebal 1/2 bata, campuran spesi 1 PC : 6 PP | F100: 11 | G100: Pemasangan dinding bata merah 1/2 batu campuran 1PC:6PP | H100: 11 | I100: Pemasangan dinding bata merah 1/2 batu campuran 1PC:6PP
D101: 12 | E101: Memasang dinding bata merah ukuran (5 x 11 x 22) cm tebal 1/2 bata, campuran spesi 1 PC : 8 PP | F101: 12 | G101: Pemasangan dinding bata merah 1/2 batu 1PC:8PP | H101: 12 | I101: Pemasangan dinding bata merah 1/2 batu 1PC:8PP
D102: 13 | E102: Memasang dinding bata merah ukuran (5 x 11 x 22) cm tebal 1/2 bata, campuran spesi 1 PC : 3 KP : 10 PP | F102: 13 | G102: Pemasangan dinding bata merah 1/2 batu 1PC:3KP: 10PP | H102: 13 | I102: Pemasangan dinding bata merah 1/2 batu 1PC:3KP: 10PP
D103: 14 | E103: Memasang dinding bata merah ukuran (5 x 11 x 22) cm tebal 1/2 bata, campuran spesi 1 KP : 1 SM : 1 PP | F103: 14 | G103: Pemasangan dinding bata merah 1/2 batu 1KP:1SM:1PP | H103: 14 | I103: Pemasangan dinding bata merah 1/2 batu 1KP:1SM:1PP
... D110: 21 | E110: Memasang dinding HB/CB 10, campuran spesi 1 PC : 4 PP | F110: 21 | G110: Pemasangan dinding HB10 campuran 1PC:4PP | H110: 21 | I110: Pemasangan dinding HB10 campuran 1PC:4PP
D111: 22 | E111: Pasangan dinding batako
D112: 23 | E112: Memasang dinding terawang (roster) ukuran 25 x 25 cm, campuran spesi 1 PC : 3 PP | F112: 22 | G112: Pemasangan dinding terawang (roster) campuran 1PC:3PP | H112: 22 | I112: Pemasangan dinding terawang (roster) campuran 1PC:3PP
D113: 24 | E113: Memasang dinding terawang (roster) ukuran 20 x 20 cm, campuran spesi 1 PC : 3 PP
D114: 25 | E114: Memasang dinding terawang (roster) ukuran (12 x 11 x 24) cm, campuran spesi 1 PC : 3 PP
...

Sheet REKAP
B7: A.1. AHSP KONSTRUKSI BIDANG CIPTA KARYA
B9: No. | C9: KELOMPOK PEKERJAAN | D9: No. | E9: JENIS PEKERJAAN | F9: PERWAL NO. 72 TAHUN 2013 | H9: PERMEN PU NO. 11/PRT/M/2013 | I9: PERWAL NO. 2015 | J9: PERMEN PU NO.28/PRT/M/2016
B10: 1 | C10: PEKERJAAN PERSIAPAN | D10: 1 | E10: Pekerjaan Pengukuran & Pemasangan Bowplank | F10: Ö | H10: Ö | I10: Ö
C11: A.1.1 | D11: =D10+1 -> 2 | E11: Pekerjaan Pengukuran Gedung 1 m2 | F11: Ö | I11: Ö
D12: =D11+1 -> 3 | E12: Membersihkan Lapangan dan Perataan 1 m2 | F12: Ö | H12: Ö | I12: Ö
D13: =D12+1 -> 4 | E13: Pembuatan jalan sementara, tebal 25 cm per 1 m2 | F13: Ö | I13: Ö
D14: =D13+1 -> 5 | E14: Pembuatan Jalan Sementara 1 m2 | F14: Ö | H14: Ö | I14: Ö
D15: =D14+1 -> 6 | E15: Pekerjaan Kantor Direksi Keet , dengan lantai plesteran 1 m2 | F15: Ö | H15: Ö | I15: Ö
D16: =D15+1 -> 7 | E16: Pagar Sementara dari Seng Gelombang tinggi 2 m | F16: Ö | H16: Ö | I16: Ö
D17: =D16+1 -> 8 | E17: Pagar Sementara dari Kawat Duri tinggi 1.8 m | F17: Ö | H17: Ö | I17: Ö
D18: =D17+1 -> 9 | E18: Pagar Sementara dari Kayu tinggi 2 m | F18: Ö | H18: Ö | I18: Ö
D19: =D18+1 -> 10 | E19: Pasang pagar kawat jaring galvanis, tinggi 1,00 m | F19: Ö | I19: Ö
D20: =D19+1 -> 11 | E20: Pembuatan Gudang Semen dan Alat - alat 1 m2 | F20: Ö | H20: Ö | I20: Ö
D21: =D20+1 -> 12 | E21: Pembuatan Rumah Jaga / Konstruksi Kayu 1 m2 | F21: Ö | H21: Ö | I21: Ö
D22: =D21+1 -> 13 | E22: Pembuatan Bedeng Buruh 1 m2 | F22: Ö | H22: Ö | I22: Ö
D23: =D22+1 -> 14 | E23: Pembuatan Bak Adukan ( 40 x 50 x 20 ) cm 1 m2 | F23: Ö | I23: Ö
D24: =D23+1 -> 15 | E24: Pembuatan Stegger dari Bambu, 1 m2 | F24: Ö | H24: Ö | I24: Ö
D25: =D24+1 -> 16 | E25: Pasang pagar beton pracetak ( 5 x 50 x 213 ) cm | F25: Ö | H25: Ö | I25: Ö
D26: =D25+1 -> 17 | E26: Membuat Papan Nama Proyek 80x120 cm (bahan seng) | F26: Ö | I26: Ö
D27: =D26+1 -> 18 | E27: Membuat Papan Nama Proyek 80x120 cm (bahan flexi) | F27: Ö | I27: Ö
D28: =D27+1 -> 19 | E28: Pemasangan 1m2 pagar kawat jaring galvanis panjang 240 cm | H28: Ö
D29: =D28+1 -> 20 | E29: Pembuatan 1 buah kotak adukan ukuran 40cm x50cm x25cm | H29: Ö
B31: 2 | C31: PEKERJAAN BONGKARAN | D31: 1 | E31: Membongkar pasangan batu kali 1 m3 | F31: Ö | I31: Ö
C32: A.1.2 | D32: =D31+1 -> 2 | E32: Membongkar pasangan batu merah dan membersihkan 1 m3 | F32: Ö | I32: Ö
D33: =D32+1 -> 3 | E33: Pembongkaran 1m2 dinding tembok bata | H33: Ö
D34: =D33+1 -> 4 | E34: Membongkar beton bertulang dan membersihkan 1 m3 | F34: Ö | I34: Ö
D35: =D34+1 -> 5 | E35: Pembongkaran 1m3 beton bertulang | H35: Ö
D36: =D35+1 -> 6 | E36: Pekerjaan bongkar lantai tegel untuk dipergunakan lagi 1 m2 | F36: Ö | I36: Ö
D37: =D36+1 -> 7 | E37: Mengupas plesteran lama 1 m2 | F37: Ö | I37: Ö
D38: =D37+1 -> 8 | E38: Membongkar genteng / sirap untuk dipergunakan lagi 1 m2 | F38: Ö | I38: Ö
D39: =D38+1 -> 9 | E39: Membongkar atap seng 1 m2 | F39: Ö | I39: Ö
D40: =D39+1 -> 10 | E40: Membongkar usuk / reng dipakai lagi 1 m2 | F40: Ö | I40: Ö
D41: =D40+1 -> 11 | E41: Membongkar usuk / reng tidak dipakai lagi 1 m2 | F41: Ö | I41: Ö
D42: =D41+1 -> 12 | E42: Membongkar kayu balok loteng, kuda-kuda, dlurung, jembatan untuk digunakan lagi 1 m3 | F42: Ö | I42: Ö
D43: =D42+1 -> 13 | E43: Membongkar kayu balok loteng, kuda-kuda, dlurung, jembatan tidak digunakan lagi 1 m3 | F43: Ö | I43: Ö
D44: =D43+1 -> 14 | E44: Membongkar Plafon dgn rangka, tidak digunakan lagi 1 m2 | F44: Ö | I44: Ö
D45: =D44+1 -> 15 | E45: Mengerjakan kembali bangunan kayu yang telah dibongkar 1 m3 | F45: Ö | I45: Ö
B47: 3 | C47: PEKERJAAN TANAH | D47: 1 | E47: Menggali tanah biasa sedalam 1 meter 1 m3 | F47: Ö | H47: Ö | I47: Ö
C48: A.1.3 | D48: 2 | E48: Menggali tanah biasa sedalam 2 meter m3 | F48: Ö | H48: Ö | I48: Ö
D49: 3 | E49: Menggali tanah biasa sedalam 3 meter m3 | F49: Ö | H49: Ö | I49: Ö
D50: 4 | E50: Menggali tanah keras sedalam 1 meter m3 | F50: Ö | H50: Ö | I50: Ö
D51: 5 | E51: Menggali tanah cadas sedalam 1 meter m3 | F51: Ö | H51: Ö | I51: Ö
D52: 6 | E52: Menggali tanah lumpur sedalam 1 meter m3 | F52: Ö | H52: Ö | I52: Ö
D53: 7 | E53: Mengerjakan stripping tebing setinggi 1 meter m2 | F53: Ö | H53: Ö | I53: Ö
D54: 8 | E54: Membuang tanah sejauh 15 meter m3 | F54: Ö | I54: Ö
D55: 9 | E55: Mengurug kembali m3 | F55: Ö | I55: Ö
D56: 10 | E56: Urug kembali bekas galian m3 | F56: Ö | H56: Ö | I56: Ö
D57: 11 | E57: Membuang tanah sejauh 30 meter m3 | F57: Ö | H57: Ö | I57: Ö
D58: 12 | E58: Membuang tanah sejauh 150 meter m3 | F58: Ö | I58: Ö
D59: 13 | E59: Memadatkan tanah (per 20 cm) m3 | F59: Ö | H59: Ö | I59: Ö
D60: 14 | E60: Meratakan tanah ditumbuk halus m2 | F60: Ö | I60: Ö
D61: 15 | E61: Mengurug pasir urug m3 | F61: Ö | H61: Ö | I61: Ö
D62: 16 | E62: Memasang Lapisan pudel campuran 1 KP : 3 PP : 7 TL untuk stabilisasi tanah m3 | F62: Ö | H62: Ö | I62: Ö
D63: 17 | E63: Memasang Lapisan pudel campuran 1 KP : 5 TL untuk stabilisasi tanah m3 | F63: Ö | I63: Ö
D64: 18 | E64: Memasang lapisan ijuk tebal 10 cm, untuk bidang resapan m2 | F64: Ö | H64: Ö | I64: Ö
D65: 19 | E65: Pemasangan lapisan ijuk m3 | F65: Ö | I65: Ö
D66: 20 | E66: Mengurug sirtu padat untuk peninggian lantai bangunan m3 | F66: Ö | H66: Ö | I66: Ö
D67: 21 | E67: Mengurug tanah m3 | F67: Ö | I67: Ö
D68: 22 | E68: Membuang tanah dengan menghampar m3 | F68: Ö | I68: Ö
D69: 23 | E69: Membuat sumur m1 | F69: Ö | I69: Ö
D70: 24 | E70: Gebalan rumput m2 | F70: Ö | I70: Ö
B72: 4 | C72: PEKERJAAN PONDASI | D72: 1 | E72: Pasangan pondasi 1 Pc : 2 Ps | F72: Ö | I72: Ö
C73: A.1.4 | D73: 2 | E73: Memasang pondasi batu belah, campuran 1 PC : 3 PP | F73: Ö | H73: Ö | I73: Ö
D74: 3 | E74: Memasang pondasi batu belah, campuran 1 PC : 4 PP | F74: Ö | H74: Ö | I74: Ö
D75: 4 | E75: Memasang pondasi batu belah, campuran 1 PC : 5 PP | F75: Ö | H75: Ö | I75: Ö
D76: 5 | E76: Memasang pondasi batu belah, campuran 1 PC : 6 PP | F76: Ö | H76: Ö | I76: Ö
D77: 6 | E77: Memasang pondasi batu belah, campuran 1 PC : 8 PP | F77: Ö | H77: Ö | I77: Ö
D78: 7 | E78: Memasang pondasi batu belah, campuran 1 KP : 1 SM : 2 PP | F78: Ö | H78: Ö | I78: Ö
D79: 8 | E79: Pasangan pondasi 1 Pc : 3 Kp : 5 Ps | F79: Ö | I79: Ö
D80: 9 | E80: Memasang pondasi batu belah, campuran 1 PC : 3 KP : 10 PP | F80: Ö | H80: Ö | I80: Ö
D81: 10 | E81: Memasang pondasi batu belah, campuran 1/4 PC : 1 KP : 4 PP | F81: Ö | H81: Ö | I81: Ö
D82: 11 | E82: Memasang batu kosong (aanstamping) | F82: Ö | H82: Ö | I82: Ö
D83: 12 | E83: Memasang pondasi siklop, 60% beton campuran 1 PC:2 PB:3 KR dan 40% batu belah | F83: Ö | H83: Ö | I83: Ö
D84: 13 | E84: Memasang pondasi siklop, 60% beton campuran 1 PC:2 PB:3 KR dan 40% batu belah tanpa besi | F84: Ö | I84: Ö
D85: 14 | E85: Memasang pondasi sumuran, diameter 100 cm | F85: Ö | H85: Ö | I85: Ö
B87: 5 | C87: ='[1]Lamp_1 (Konstruksi 1-199)'!$D$531 -> PEKERJAAN DINDING | D87: 1 | E87: Memasang dinding bata merah ukuran (5 x 11 x 22) cm tebal 1 bata, campuran spesi 1 PC : 2 PP | F87: Ö | H87: Ö | I87: Ö
C88: A.1.5 | D88: 2 | E88: Memasang dinding bata merah ukuran (5 x 11 x 22) cm tebal 1 bata, campuran spesi 1 PC : 3 PP | F88: Ö | H88: Ö | I88: Ö
D89: 3 | E89: Memasang dinding bata merah ukuran (5 x 11 x 22) cm tebal 1 bata, campuran spesi 1 PC : 4 PP | F89: Ö | H89: Ö | I89: Ö
D90: 4 | E90: Memasang dinding bata merah ukuran (5 x 11 x 22) cm tebal 1 bata, campuran spesi 1 PC : 5 PP | F90: Ö | H90: Ö | I90: Ö
D91: 5 | E91: Memasang dinding bata merah ukuran (5 x 11 x 22) cm tebal 1 bata, campuran spesi 1 PC : 6 PP | F91: Ö | H91: Ö | I91: Ö
D92: 6 | E92: Memasang dinding bata merah ukuran (5 x 11 x 22) cm tebal 1 bata, campuran spesi 1 PC : 3 KP : 10 PP | F92: Ö | H92: Ö | I92: Ö
D93: 7 | E93: Memasang dinding bata merah ukuran (5 x 11 x 22) cm tebal 1/2 bata, campuran spesi 1 PC : 2 PP | F93: Ö | H93: Ö | I93: Ö
D94: 8 | E94: Memasang dinding bata merah ukuran (5 x 11 x 22) cm tebal 1/2 bata, campuran spesi 1 PC : 3 PP | F94: Ö | H94: Ö | I94: Ö
D95: 9 | E95: Memasang dinding bata merah ukuran (5 x 11 x 22) cm tebal 1/2 bata, campuran spesi 1 PC : 4 PP | F95: Ö | H95: Ö | I95: Ö
D96: 10 | E96: Memasang dinding bata merah ukuran (5 x 11 x 22) cm tebal 1/2 bata, campuran spesi 1 PC : 5 PP | F96: Ö | H96: Ö | I96: Ö
D97: 11 | E97: Memasang dinding bata merah ukuran (5 x 11 x 22) cm tebal 1/2 bata, campuran spesi 1 PC : 6 PP | F97: Ö | H97: Ö | I97: Ö
D98: 12 | E98: Memasang dinding bata merah ukuran (5 x 11 x 22) cm tebal 1/2 bata, campuran spesi 1 PC : 8 PP | F98: Ö | H98: Ö | I98: Ö
D99: 13 | E99: Memasang dinding bata merah ukuran (5 x 11 x 22) cm tebal 1/2 bata, campuran spesi 1 PC : 3 KP : 10 PP | F99: Ö | H99: Ö | I99: Ö
D100: 14 | E100: Memasang dinding bata merah ukuran (5 x 11 x 22) cm tebal 1/2 bata, campuran spesi 1 KP : 1 SM : 1 PP | F100: Ö | H100: Ö | I100: Ö
... D107: 21 | E107: Memasang dinding HB/CB 10, campuran spesi 1 PC : 4 PP | F107: Ö | H107: Ö | I107: Ö
D108: 22 | E108: Pasangan dinding batako | F108: Ö | I108: Ö
D109: 23 | E109: Memasang dinding terawang (roster) ukuran 25 x 25 cm, campuran spesi 1 PC : 3 PP | F109: Ö | I109: Ö
D110: 24 | E110: Memasang dinding terawang (roster) ukuran 20 x 20 cm, campuran spesi 1 PC : 3 PP | F110: Ö | I110: Ö
D111: 25 | E111: Memasang dinding terawang (roster) ukuran (12 x 11 x 24) cm, campuran spesi 1 PC : 3 PP | F111: Ö | H111: Ö | I111: Ö
D112: 26 | E112: Memasang dinding terawang (roster) ukuran (12 x 11 x 24) cm, campuran spesi 1 PC : 4 PP | F112: Ö | H112: Ö | I112: Ö
D113: 27 | E113: Memasang dinding bata berongga ekspose ukuran (5 x 11 x 24) cm, campuran spesi 1 PC : 3 PP | F113: Ö | H113: Ö | I113: Ö
D114: 28 | E114: Memasang rollag bata , campuran spesi 1 PC : 3 PP | F114: Ö | I114: Ö
B116: 6 | C116: ='[1]Lamp_1 (Konstruksi 1-199)'!$D$815 -> PEKERJAAN BETON | D116: 1 | E116: Membuat beton mutu f’c = 7,4 MPa (K 100), slump (12 ± 2) cm, w/c = 0,87 | F116: Ö | H116: Ö | I116: Ö
C117: A.1.6 | D117: 2 | E117: Membuat 1 m3 beton mutu f’c = 9,8 MPa (K 125), slump (12 ± 2) cm, w/c = 0,78 | F117: Ö | H117: Ö | I117: Ö
D118: 3 | E118: Membuat beton mutu f’c = 12,2 MPa (K 150), slump (12 ± 2) cm, w/c = 0,72 | F118: Ö | H118: Ö | I118: Ö
...

Sheet A.1.1.Pekerjaan Persiapan
F2: LAMPIRAN PERATURAN WALIKOTA YOGYAKARTA
F3: NOMOR
F4: TENTANG ANALISA HARGA SATUAN PEKERJAAN
F5: KONSTRUKSI DAN JASA LAINNYA DI LINGKUNGAN
F6: PEMERINTAH KOTA YOGYAKARTA
B8: KOEFISIEN HARGA SATUAN PEKERJAAN KOSTRUKSI DAN JASA LAINNYA
B10: A. | C10: AHSP KONTRUKSI
B12: A.1.1 | C12: =REKAP!C10 -> PEKERJAAN PERSIAPAN
B14: 1 | D14: (K3) Pembuatan 1 m2 pagar sementara dari kayu tinggi 2 meter
C15: No | D15: Uraian | E15: Kode | F15: Satuan | G15: Koefisien | H15: Harga Satuan (Rp) | I15: Jumlah Harga (Rp)
C16: A | D16: TENAGA
C17: 1 | D17: Pekerja | E17: L.01 | F17: OH | G17: 0.4
C18: 2 | D18: Tukang kayu | E18: L.02 | F18: OH | G18: 0.2
C19: 3 | D19: Kepala tukang | E19: L.03 | F19: OH | G19: 0.02
C20: 4 | D20: Mandor | E20: L.04 | F20: OH | G20: 0.02
G21: JUMLAH TENAGA KERJA
C22: B | D22: BAHAN
C23: 1 | D23: Dolken Kayu  8-10/400 cm | F23: Batang | G23: 1250
C24: 2 | D24: Semen portland | F24: Kg | G24: 5000
C25: 3 | D25: Pasir beton | F25: m3 | G25: 0.005
C26: 4 | D26: Koral beton | F26: m3 | G26: 0.009
C27: 5 | D27: Kayu 5/7 | F27: m3 | G27: 0.072
C28: 6 | D28: Paku biasa 2” – 5” | F28: Kg | G28: 0.06
C29: 7 | D29: Residu | F29: Liter | G29: 0.4
G30: JUMLAH HARGA BAHAN
C31: C | D31: PERALATAN
G32: JUMLAH HARGA ALAT
C33: D | D33: Jumlah (A+B+C)
C34: E | D34: Overhead & Profit (Contoh 15 %) | G34: 15% x D (maksimum)
C35: F | D35: Harga Satuan Pekerjaan (D+E)
B37: 2 | D37: (K3) Pembuatan 1 m2 pagar sementara dari seng gelombang tinggi 2 meter
C38: No | D38: Uraian | E38: Kode | F38: Satuan | G38: Koefisien | H38: Harga Satuan (Rp) | I38: Jumlah Harga (Rp)
C39: A | D39: TENAGA
C40: 1 | D40: Pekerja | E40: L.01 | F40: OH | G40: 0.2
C41: 2 | D41: Tukang kayu | E41: L.02 | F41: OH | G41: 0.4
C42: 3 | D42: Kepala tukang | E42: L.03 | F42: OH | G42: 0.02
C43: 4 | D43: Mandor | E43: L.04 | F43: OH | G43: 0.02
G44: JUMLAH TENAGA KERJA
C45: B | D45: BAHAN
C46: 1 | D46: Dolken kayu  8-10/400 cm | F46: Batang | G46: 1.25
C47: 2 | D47: Semen portland | F47: Kg | G47: 2.5
C48: 3 | D48: Seng gelombang | F48: Lbr | G48: 1.20
C49: 4 | D49: Pasir beton | F49: m3 | G49: 0.005
C50: 5 | D50: Koral beton | F50: m3 | G50: 0.009
C51: 6 | D51: Kayu 5/7 | F51: m3 | G51: 0.072
C52: 7 | D52: Paku biasa 2” – 5” | F52: Kg | G52: 0.06
C53: 8 | D53: Meni besi | F53: Liter | G53: 0.45
G54: JUMLAH HARGA BAHAN
C55: C | D55: PERALATAN
G56: JUMLAH HARGA ALAT
C57: D | D57: Jumlah (A+B+C)
C58: E | D58: Overhead & Profit (Contoh 15 %) | G58: 15% x D (maksimum)
C59: F | D59: Harga Satuan Pekerjaan (D+E)
B61: 3 | D61: (K3) Pembuatan 1 m2 pagar sementara dari kawat duri tinggi 1,8
C62: No | D62: Uraian | E62: Kode | F62: Satuan | G62: Koefisien | H62: Harga Satuan (Rp) | I62: Jumlah Harga (Rp)
C63: A | D63: TENAGA
C64: 1 | D64: Pekerja | E64: L.01 | F64: OH | G64: 0.2
C65: 2 | D65: Tukang kayu | E65: L.02 | F65: OH | G65: 0.3
C66: 3 | D66: Kepala tukang | E66: L.03 | F66: OH | G66: 0.02
C67: 4 | D67: Mandor | E67: L.04 | F67: OH | G67: 0.02
G68: JUMLAH TENAGA KERJA
C69: B | D69: BAHAN
C70: 1 | D70: Dolken kayu  8-10/400 cm | F70: Batang | G70: 1
C71: 2 | D71: Semen portland | F71: Kg | G71: 2
C72: 3 | D72: Kawat duri | F72: M’ | G72: 25
C73: 4 | D73: Pasir beton | F73: m3 | G73: 0.005
C74: 5 | D74: Koral beton | F74: m3 | G74: 0.009
C75: 6 | D75: Paku biasa 2” – 5” | F75: Kg | G75: 0.060
G76: JUMLAH HARGA BAHAN
C77: C | D77: PERALATAN
G78: JUMLAH HARGA ALAT
C79: D | D79: Jumlah (A+B+C)
C80: E | D80: Overhead & Profit (Contoh 15 %) | G80: 15% x D (maksimum)
C81: F | D81: Harga Satuan Pekerjaan (D+E)
B83: 4 | D83: Pengukuran dan pemasangan 1 m’ Bouwplank
C84: No | D84: Uraian | E84: Kode | F84: Satuan | G84: Koefisien | H84: Harga Satuan (Rp) | I84: Jumlah Harga (Rp)
C85: A | D85: TENAGA
C86: 1 | D86: Pekerja | E86: L.01 | F86: OH | G86: 0.1
C87: 2 | D87: Tukang kayu | E87: L.02 | F87: OH | G87: 0.1
C88: 3 | D88: Kepala tukang | E88: L.03 | F88: OH | G88: 0.01
C89: 4 | D89: Mandor | E89: L.04 | F89: OH | G89: 0.005
G90: JUMLAH TENAGA KERJA
C91: B | D91: BAHAN
C92: 1 | D92: Kayu balok 5/7 | F92: m3 | G92: 0.012
C93: 2 | D93: Paku 2”-3” | F93: Kg | G93: 0.02
C94: 3 | D94: Kayu papan 3/20 | F94: m3 | G94: 0.007
G95: JUMLAH HARGA BAHAN
C96: C | D96: PERALATAN
G97: JUMLAH HARGA ALAT
C98: D | D98: Jumlah (A+B+C)
C99: E | D99: Overhead & Profit (Contoh 15 %) | G99: 15% x D (maksimum)
C100: F | D100: Harga Satuan Pekerjaan (D+E)
B102: 5 | C102: (K3)Pembuatan 1 m2 kantor sementara lantai plesteran
C103: No | D103: Uraian | E103: Kode | F103: Satuan | G103: Koefisien | H103: Harga Satuan (Rp) | I103: Jumlah Harga (Rp)
C104: A | D104: TENAGA
D105: Pekerja | E105: L.01 | F105: OH | G105: 2.00
D106: Tukang kayu | E106: L.02 | F106: OH | G106: 2.00
D107: Tukang batu | E107: L.02 | F107: OH | G107: 1.00
D108: Kepala tukang | E108: L.03 | F108: OH | G108: 0.30
D109: Mandor | E109: L.04 | F109: OH | G109: 0.05
...

Sheet A.1.2.Pekerjaan Bongkaran
B2: A.1.2 | C2: =REKAP!C31 -> PEKERJAAN BONGKARAN
B3: 1 | C3: Pembongkaran 1 m3 beton bertulang
C4: No | D4: Uraian | E4: Kode | F4: Satuan | G4: Koefisien | H4: Harga Satuan (Rp) | I4: Jumlah Harga (Rp)
C5: A | D5: TENAGA
D6: Pekerja | E6: L.01 | F6: OH | G6: 13.334
D7: Mandor | E7: L.04 | F7: OH | G7: 0.666
G8: JUMLAH TENAGA KERJA
C9: B | D9: BAHAN
G10: JUMLAH HARGA BAHAN
C11: C | D11: PERALATAN
G12: JUMLAH HARGA ALAT
C13: D | D13: Jumlah (A+B+C)
C14: E | D14: Overhead & Profit (Contoh 15 %) | G14: 15% x D (maksimum)
C15: F | D15: Harga Satuan Pekerjaan (D+E)
B17: 2 | C17: Pembongkaran 1 m3 dinding tembok bata
C18: No | D18: Uraian | E18: Kode | F18: Satuan | G18: Koefisien | H18: Harga Satuan (Rp) | I18: Jumlah Harga (Rp)
C19: A | D19: TENAGA
D20: Pekerja | E20: L.01 | F20: OH | G20: 6.667
D21: Mandor | E21: L.04 | F21: OH | G21: 0.333
G22: JUMLAH TENAGA KERJA
C23: B | D23: BAHAN
G27: JUMLAH HARGA BAHAN
C28: C | D28: PERALATAN
G30: JUMLAH HARGA ALAT
C31: D | D31: Jumlah (A+B+C)
C32: E | D32: Overhead & Profit (Contoh 15 %) | G32: 15% x D (maksimum)
C33: F | D33: Harga Satuan Pekerjaan (D+E)
B35: 3 | C35: Pembongkaran pasangan batu kali 1 m3
C36: No | D36: Uraian | E36: Kode | F36: Satuan | G36: Koefisien | H36: Harga Satuan | I36: Jumlah
H37: (Rp) | I37: (Rp)
C38: A | D38: Tenaga
C39: 1 | D39: Pekerja | E39: L.01 | F39: oh | G39: 0.4 | I39: =G39*H39 -> 0
C40: =C39+1 -> 2 | D40: Tukang batu | E40: L.02 | F40: oh | G40: 4 | I40: =G40*H40 -> 0
C41: Jumlah Harga Tenaga Kerja | I41: =SUM(I38:I40) -> 0
C42: B | D42: Bahan
C43: 1 | I43: =G43*H43 -> 0
C44: Jumlah Harga Bahan | I44: =SUM(I42:I43) -> 0
C45: C | D45: Peralatan
I46: =G46*H46 -> 0
C47: Jumlah Harga Peralatan | I47: =SUM(I45:I46) -> 0
C48: D | D48: Jumlah Harga Tenaga, Bahan dan Peralatan ( A + B + C ) | I48: =I41+I44+I47 -> 0
C49: E | D49: Overhead + Profit | H49: =I48 -> 0 | I49: =G49*H49 -> 0
C50: F | D50: Harga Satuan Pekerjaan ( D + E ) | I50: =I48+I49 -> 0
B52: 4 | C52: =REKAP!E36 -> Pekerjaan bongkar lantai tegel untuk dipergunakan lagi 1 m2
C53: No | D53: Uraian | E53: Kode | F53: Satuan | G53: Koefisien | H53: Harga Satuan | I53: Jumlah
H54: (Rp) | I54: (Rp)
C55: A | D55: Tenaga Kerja
C56: 1 | D56: Pekerja | E56: L.01 | F56: oh | G56: 0.2 | I56: =G56*H56 -> 0
C57: 2 | D57: Mandor | E57: L.04 | F57: oh | G57: 0.01 | I57: =G57*H57 -> 0
C58: Jumlah Harga Tenaga Kerja | I58: =SUM(I55:I57) -> 0
C59: B | D59: Bahan
C60: 1 | I60: =G60*H60 -> 0
C61: =C60+1 -> 2
C62: Jumlah Harga Bahan | I62: =SUM(I59:I61) -> 0
C63: C | D63: Peralatan
I64: =G64*H64 -> 0
C65: Jumlah Harga Peralatan | I65: =SUM(I63:I64) -> 0
C66: D | D66: Jumlah Harga Tenaga, Bahan dan Peralatan ( A + B + C ) | I66: =I58+I62+I65 -> 0
C67: E | D67: Overhead + Profit | H67: =I66 -> 0 | I67: =G67*H67 -> 0
C68: F | D68: Harga Satuan Pekerjaan ( D + E ) | I68: =I66+I67 -> 0
B70: 5 | C70: =REKAP!E37 -> Mengupas plesteran lama 1 m2
C71: No | D71: Uraian | E71: Kode | F71: Satuan | G71: Koefisien | H71: Harga Satuan | I71: Jumlah
H72: (Rp) | I72: (Rp)
C73: A | D73: Tenaga
C74: 1 | D74: Pekerja | E74: L.01 | F74: oh | G74: 0.125 | I74: =G74*H74 -> 0
C75: 2 | D75: Mandor | E75: L.04 | F75: oh | G75: 0.0125 | I75: =G75*H75 -> 0
C76: Jumlah Harga Tenaga Kerja | I76: =SUM(I73:I75) -> 0
C77: B | D77: Bahan
C78: 1 | I78: =G78*H78 -> 0
C79: Jumlah Harga Bahan | I79: =SUM(I77:I78) -> 0
C80: C | D80: Peralatan
I81: =G81*H81 -> 0
C82: Jumlah Harga Peralatan | I82: =SUM(I80:I81) -> 0
C83: D | D83: Jumlah Harga Tenaga, Bahan dan Peralatan ( A + B + C ) | I83: =I76+I79+I82 -> 0
C84: E | D84: Overhead + Profit | H84: =I83 -> 0 | I84: =G84*H84 -> 0
C85: F | D85: Harga Satuan Pekerjaan ( D + E ) | I85: =I83+I84 -> 0
B87: 6 | C87: Pembongkaran genteng / sirap untuk dipergunakan lagi 1 m2
C88: No | D88: Uraian | E88: Kode | F88: Satuan | G88: Koefisien | H88: Harga Satuan | I88: Jumlah
H89: (Rp) | I89: (Rp)
C90: A | D90: Tenaga
C91: 1 | D91: Pekerja | E91: L.01 | F91: oh | G91: 0.2 | I91: =G91*H91 -> 0
C92: 2 | D92: Mandor | E92: L.04 | F92: oh | G92: 0.01 | I92: =G92*H92 -> 0
C93: Jumlah Harga Tenaga Kerja | I93: =SUM(I90:I92) -> 0
C94: B | D94: Bahan
C95: 1 | I95: =G95*H95 -> 0
C96: Jumlah Harga Bahan | I96: =SUM(I94:I95) -> 0
C97: C | D97: Peralatan
I98: =G98*H98 -> 0
C99: Jumlah Harga Peralatan | I99: =SUM(I97:I98) -> 0
C100: D | D100: Jumlah Harga Tenaga, Bahan dan Peralatan ( A + B + C ) | I100: =I93+I96+I99 -> 0
C101: E | D101: Overhead + Profit | H101: =I100 -> 0 | I101: =G101*H101 -> 0
C102: F | D102: Harga Satuan Pekerjaan ( D + E ) | I102: =I100+I101 -> 0
B104: 7 | C104: Pembongaran atap seng 1 m2
C105: No | D105: Uraian | E105: Kode | F105: Satuan | G105: Koefisien | H105: Harga Satuan | I105: Jumlah
H106: (Rp) | I106: (Rp)
C107: A | D107: Tenaga
C108: 1 | D108: Pekerja | E108: L.01 | F108: oh | G108: 0.1
C109: 2 | D109: Tukang besi | E109: L.02 | F109: oh | G109: 0.05
C110: Jumlah Harga Tenaga Kerja
C111: B | D111: Bahan
...

Sheet A.1.3.Pekerjaan Tanah
B2: A.1.3 | C2: =REKAP!C47 -> PEKERJAAN TANAH
B3: 1 | C3: Penggalian 1 m3 tanah biasa sedalam 1 m
C4: No | D4: Uraian | E4: Kode | F4: Satuan | G4: Koefisien | H4: Harga Satuan (Rp) | I4: Jumlah Harga (Rp)
C5: A | D5: TENAGA
D6: Pekerja | E6: L.01 | F6: OH | G6: 0.75
D7: Mandor | E7: L.04 | F7: OH | G7: 0.025
G8: JUMLAH TENAGA KERJA
C9: B | D9: BAHAN
G11: JUMLAH HARGA BAHAN
C12: C | D12: PERALATAN
G14: JUMLAH HARGA ALAT
C15: D | D15: Jumlah (A+B+C)
C16: E | D16: Overhead & Profit (Contoh 15 %) | G16: 15% x D (maksimum)
C17: F | D17: Harga Satuan Pekerjaan (D+E)
B20: 2 | C20: Penggalian 1 m3 tanah biasa sedalam 2 m
C21: No | D21: Uraian | E21: Kode | F21: Satuan | G21: Koefisien | H21: Harga Satuan (Rp) | I21: Jumlah Harga (Rp)
C22: A | D22: TENAGA
D23: Pekerja | E23: L.01 | F23: OH | G23: 0.9
D24: Mandor | E24: L.04 | F24: OH | G24: 0.045
G25: JUMLAH TENAGA KERJA
C26: B | D26: BAHAN
G28: JUMLAH HARGA BAHAN
C29: C | D29: PERALATAN
G31: JUMLAH HARGA ALAT
C32: D | D32: Jumlah (A+B+C)
C33: E | D33: Overhead & Profit (Contoh 15%) | G33: 15% x D (maksimum)
C34: F | D34: Harga Satuan Pekerjaan (D+E)
B36: 3 | C36: Menggali 1 m3 tanah biasa sedalam 3 m
C37: No | D37: Uraian | E37: Kode | F37: Satuan | G37: Koefisien | H37: Harga Satuan (Rp) | I37: Jumlah Harga (Rp)
C38: A | D38: TENAGA
D39: Pekerja | E39: L.01 | F39: OH | G39: 1.05
D40: Mandor | E40: L.04 | F40: OH | G40: 0.067
G41: JUMLAH TENAGA KERJA
C42: B | D42: BAHAN
G44: JUMLAH HARGA BAHAN
C45: C | D45: PERALATAN
G47: JUMLAH HARGA ALAT
C48: D | D48: Jumlah (A+B+C)
C49: E | D49: Overhead & Profit (Contoh 15 %) | G49: 15% x D (maksimum)
C50: F | D50: Harga Satuan Pekerjaan (D+E)
B53: 4 | C53: Menggali 1 m3 tanah keras sedalam 1 m
C54: No | D54: Uraian | E54: Kode | F54: Satuan | G54: Koefisien | H54: Harga Satuan (Rp) | I54: Jumlah Harga (Rp)
C55: A | D55: TENAGA
D56: Pekerja | E56: L.01 | F56: OH | G56: 1
D57: Mandor | E57: L.04 | F57: OH | G57: 0.032
G58: JUMLAH TENAGA KERJA
C59: B | D59: BAHAN
G61: JUMLAH HARGA BAHAN
C62: C | D62: PERALATAN
G64: JUMLAH HARGA ALAT
C65: D | D65: Jumlah (A+B+C)
C66: E | D66: Overhead & Profit (Contoh 15 %) | G66: 15% x D (maksimum)
C67: F | D67: Harga Satuan Pekerjaan (D+E)
B69: 5 | C69: Menggali 1 m3 tanah cadas sedalam 1 m
C70: No | D70: Uraian | E70: Kode | F70: Satuan | G70: Koefisien | H70: Harga Satuan (Rp) | I70: Jumlah Harg (Rp)
C71: A | D71: TENAGA
D72: Pekerja | E72: L.01 | F72: OH | G72: 1.5
D73: Mandor | E73: L.04 | F73: OH | G73: 0.06
G74: JUMLAH TENAGA KERJA
C75: B | D75: BAHAN
G77: JUMLAH HARGA BAHAN
C78: C | D78: PERALATAN
G80: JUMLAH HARGA ALAT
C81: D | D81: Jumlah (A+B+C)
C82: E | D82: Overhead & Profit (Contoh 15 %) | G82: 15% x D (maksimum)
C83: F | D83: Harga Satuan Pekerjaan (D+E)
B85: 6 | C85: Menggali 1 m3 tanah lumpur sedalam 1 m
C86: No | D86: Uraian | E86: Kode | F86: Satuan | G86: Koefisien | H86: Harga Satuan (Rp) | I86: Jumlah Harga (Rp)
C87: A | D87: TENAGA
D88: Pekerja | E88: L.01 | F88: OH | G88: 1.2
D89: Mandor | E89: L.04 | F89: OH | G89: 0.045
G90: JUMLAH TENAGA KERJA
C91: B | D91: BAHAN
G93: JUMLAH HARGA BAHAN
C94: C | D94: PERALATAN
G96: JUMLAH HARGA ALAT
C97: D | D97: Jumlah (A+B+C)
C98: E | D98: Overhead & Profit (Contoh 15 %) | G98: 15% x D (maksimum)
C99: F | D99: Harga Satuan Pekerjaan (D+E)
B101: 7 | C101: Pengerjaan stripping 1 m2 tanah tebing setinggi 1 meter
C102: No | D102: Uraian | E102: Kode | F102: Satuan | G102: Koefisien | H102: Harga Satuan (Rp) | I102: Jumlah Harga (Rp)
C103: A | D103: TENAGA
D104: Pekerja | E104: L.01 | F104: OH | G104: 0.05
D105: Mandor | E105: L.04 | F105: OH | G105: 0.005
G106: JUMLAH TENAGA KERJA
C107: B | D107: BAHAN
G109: JUMLAH HARGA BAHAN
C110: C | D110: PERALATAN
G112: JUMLAH HARGA ALAT
C113: D | D113: Jumlah (A+B+C)
C114: E | D114: Overhead & Profit (Contoh 15 %) | G114: 15% x D (maksimum)
C115: F | D115: Harga Satuan Pekerjaan (D+E)
B117: 8 | C117: (K3) Pembuangan 1 m3 tanah
C118: No | D118: Uraian | E118: Kode | F118: Satuan | G118: Koefisien | H118: Harga Satuan (Rp) | I118: Jumlah Harga (Rp)
C119: A | D119: TENAGA
D120: Pekerja | E120: L.01 | F120: OH | G120: 0.33
D121: Mandor | E121: L.04 | F121: OH | G121: 0.01
G122: JUMLAH TENAGA KERJA
C123: B | D123: BAHAN
G125: JUMLAH HARGA BAHAN
...

Sheet A.1.4.Pekerjaan Pondasi
B2: A.1.4 | C2: ='[1]Lamp_1 (Konstruksi 1-199)'!$D$393 -> PEKERJAAN PONDASI
B4: 1 | C4: Pemasangan 1 m3 pondasi batu belah campuran 1SP : 3PP
C5: No | D5: Uraian | E5: Kode | F5: Satuan | G5: Koefisien | H5: Harga Satuan (Rp) | I5: Jumlah Harga (Rp)
C6: A | D6: TENAGA
D7: Pekerja | E7: L.01 | F7: OH | G7: 1.5
D8: Tukang batu | E8: L.02 | F8: OH | G8: 0.75
D9: Kepala tukang | E9: L.03 | F9: OH | G9: 0.075
D10: Mandor | E10: L.04 | F10: OH | G10: 0.075
G11: JUMLAH TENAGA KERJA
C12: B | D12: BAHAN
D13: Batu belah | F13: m3 | G13: 1.2
D14: Semen Portland | F14: Kg | G14: 202
D15: Pasir pasang | F15: m3 | G15: 0.485
G16: JUMLAH HARGA BAHAN
C17: C | D17: PERALATAN
G19: JUMLAH HARGA ALAT
C20: D | D20: Jumlah (A+B+C)
C21: E | D21: Overhead & Profit (Contoh 15 %) | G21: 15% x D (maksimum)
C22: F | D22: Harga Satuan Pekerjaan (D+E)
B24: 2 | C24: Pemasangan 1 m3 pondasi batu belah campuran 1SP : 4PP
C25: No | D25: Uraian | E25: Kode | F25: Satuan | G25: Koefisien | H25: Harga Satuan (Rp) | I25: Jumlah Harga (Rp)
C26: A | D26: TENAGA
D27: Pekerja | E27: L.01 | F27: OH | G27: 1.5
D28: Tukang batu | E28: L.02 | F28: OH | G28: 0.75
D29: Kepala tukang | E29: L.03 | F29: OH | G29: 0.075
D30: Mandor | E30: L.04 | F30: OH | G30: 0.075
G31: JUMLAH TENAGA KERJA
C32: B | D32: BAHAN
D33: Batu belah | F33: m3 | G33: 1.2
D34: Semen Portland | F34: Kg | G34: 163
D35: Pasir pasang | F35: m3 | G35: 0.52
G36: JUMLAH HARGA BAHAN
C37: C | D37: PERALATAN
G40: JUMLAH HARGA ALAT
C41: D | D41: Jumlah (A+B+C)
C42: E | D42: Overhead & Profit (Contoh 15 %) | G42: 15% x D (maksimum)
C43: F | D43: Harga Satuan Pekerjaan (D+E)
B45: 3 | C45: Pemasangan 1 m3 pondasi batu belah campuran 1SP : 5PP
C46: No | D46: Uraian | E46: Kode | F46: Satuan | G46: Koefisien | H46: Harga Satuan (Rp) | I46: Jumlah Harga (Rp)
C47: A | D47: TENAGA
D48: Pekerja | E48: L.01 | F48: OH | G48: 1.5
D49: Tukang batu | E49: L.02 | F49: OH | G49: 0.75
D50: Kepala tukang | E50: L.03 | F50: OH | G50: 0.075
D51: Mandor | E51: L.04 | F51: OH | G51: 0.075
G52: JUMLAH TENAGA KERJA
C53: B | D53: BAHAN
D54: Batu belah | F54: m3 | G54: 1.2
D55: Semen Portland | F55: Kg | G55: 136
D56: Pasir pasang | F56: m3 | G56: 0.544
G57: JUMLAH HARGA BAHAN
C58: C | D58: PERALATAN
G60: JUMLAH HARGA ALAT
C61: D | D61: Jumlah (A+B+C)
C62: E | D62: Overhead & Profit (Contoh 15 %) | G62: 15% x D (maksimum)
C63: F | D63: Harga Satuan Pekerjaan (D+E)
B65: 4 | C65: Pemasangan 1 m3 pondasi batu belah campuran 1SP : 6PP
C66: No | D66: Uraian | E66: Kode | F66: Satuan | G66: Koefisien | H66: Harga Satuan (Rp) | I66: Jumlah Harga (Rp)
C67: A | D67: TENAGA
D68: Pekerja | E68: L.01 | F68: OH | G68: 1.5
D69: Tukang batu | E69: L.02 | F69: OH | G69: 0.75
D70: Kepala tukang | E70: L.03 | F70: OH | G70: 0.075
D71: Mandor | E71: L.04 | F71: OH | G71: 0.075
G72: JUMLAH TENAGA KERJA
C73: B | D73: BAHAN
D74: Batu belah | F74: m3 | G74: 1.2
D75: Semen Portland | F75: Kg | G75: 117
D76: Pasir pasang | F76: m3 | G76: 0.561
G77: JUMLAH HARGA BAHAN
C78: C | D78: PERALATAN
G80: JUMLAH HARGA ALAT
C81: D | D81: Jumlah (A+B+C)
C82: E | D82: Overhead & Profit (Contoh 15 %) | G82: 15% x D (maksimum)
C83: F | D83: Harga Satuan Pekerjaan (D+E)
B85: 5 | C85: Pemasangan 1 m3 pondasi batu belah campuran 1SP : 8PP
C86: No | D86: Uraian | E86: Kode | F86: Satuan | G86: Koefisien | H86: Harga Satuan (Rp) | I86: Jumlah Harga (Rp)
C87: A | D87: TENAGA
D88: Pekerja | E88: L.01 | F88: OH | G88: 1.5
D89: Tukang batu | E89: L.02 | F89: OH | G89: 0.75
D90: Kepala tukang | E90: L.03 | F90: OH | G90: 0.075
D91: Mandor | E91: L.04 | F91: OH | G91: 0.075
G92: JUMLAH TENAGA KERJA
C93: B | D93: BAHAN
D94: Batu belah | F94: m3 | G94: 1.2
D95: Semen Portland | F95: Kg | G95: 91
D96: Pasir pasang | F96: m3 | G96: 0.584
G97: JUMLAH HARGA BAHAN
C98: C | D98: PERALATAN
G100: JUMLAH HARGA ALAT
C101: D | D101: Jumlah (A+B+C)
C102: E | D102: Overhead & Profit (Contoh 15 %) | G102: 15% x D (maksimum)
C103: F | D103: Harga Satuan Pekerjaan (D+E)
B105: 6 | C105: Pemasangan 1 m3 pondasi batu belah campuran 1SP : 1KP : 2PP
C106: No | D106: Uraian | E106: Kode | F106: Satuan | G106: Koefisien | H106: Harga Satuan (Rp) | I106: Jumlah Harga (Rp)
C107: A | D107: TENAGA
D108: Pekerja | E108: L.01 | F108: OH | G108: 1.5
D109: Tukang batu | E109: L.02 | F109: OH | G109: 0.75
D110: Kepala tukang | E110: L.03 | F110: OH | G110: 0.075
D111: Mandor | E111: L.04 | F111: OH | G111: 0.075
G112: JUMLAH TENAGA KERJA
C113: B | D113: BAHAN
...

Sheet A.1.5.Pekerjaan Pasangan
B2: A.1.5 | C2: ='[1]Lamp_1 (Konstruksi 1-199)'!$D$531 -> PEKERJAAN DINDING
B4: 1 | C4: Pemasangan 1m2 dinding bata merah (5x11x22) cm tebal 1 batu campuran 1SP : 2PP
C5: No | D5: Uraian | E5: Kode | F5: Satuan | G5: Koefisien | H5: Harga Satuan (Rp) | I5: Jumlah Harga (Rp)
C6: A | D6: TENAGA
D7: Pekerja | E7: L.01 | F7: OH | G7: 0.6
D8: Tukang batu | E8: L.02 | F8: OH | G8: 0.2
D9: Kepala tukang | E9: L.03 | F9: OH | G9: 0.02
D10: Mandor | E10: L.04 | F10: OH | G10: 0.03
G11: JUMLAH TENAGA KERJA
C12: B | D12: BAHAN
D13: Bata merah | F13: buah | G13: 140
D14: Semen Portland | F14: Kg | G14: 43.5
D15: Pasir pasang | F15: m3 | G15: 0.08
G16: JUMLAH HARGA BAHAN
C17: C | D17: PERALATAN
G19: JUMLAH HARGA ALAT
C20: D | D20: Jumlah (A+B+C)
C21: E | D21: Overhead & Profit (Contoh 15%) | G21: 15% x D (maksimum)
C22: F | D22: Harga Satuan Pekerjaan (D+E)
B24: 2 | C24: Pemasangan 1m2 dinding bata merah (5x11x22) cm tebal 1 batu campuran 1SP : 3PP
C25: No | D25: Uraian | E25: Kode | F25: Satuan | G25: Koefisien | H25: Harga Satuan (Rp) | I25: Jumlah Harga (Rp)
C26: A | D26: TENAGA
D27: Pekerja | E27: L.01 | F27: OH | G27: 0.6
D28: Tukang batu | E28: L.02 | F28: OH | G28: 0.2
D29: Kepala tukang | E29: L.03 | F29: OH | G29: 0.02
D30: Mandor | E30: L.04 | F30: OH | G30: 0.03
G31: JUMLAH TENAGA KERJA
C32: B | D32: BAHAN
D33: Bata merah | F33: buah | G33: 140
D34: Semen Portland | F34: Kg | G34: 32.95
D35: Pasir pasang | F35: m3 | G35: 0.091
G36: JUMLAH HARGA BAHAN
C37: C | D37: PERALATAN
G39: JUMLAH HARGA ALAT
C40: D | D40: Jumlah (A+B+C)
C41: E | D41: Overhead & Profit (Contoh 15%) | G41: 15% x D (maksimum)
C42: F | D42: Harga Satuan Pekerjaan (D+E)
B44: 3 | C44: Pemasangan 1m2 dinding bata merah (5x11x22) cm tebal 1 batu campuran 1SP : 4PP
C45: No | D45: Uraian | E45: Kode | F45: Satuan | G45: Koefisien | H45: Harga Satuan (Rp) | I45: Jumlah Harga (Rp)
C46: A | D46: TENAGA
D47: Pekerja | E47: L.01 | F47: OH | G47: 0.6
D48: Tukang batu | E48: L.02 | F48: OH | G48: 0.2
D49: Kepala bukang | E49: L.03 | F49: OH | G49: 0.02
D50: Mandor | E50: L.04 | F50: OH | G50: 0.03
G51: JUMLAH TENAGA KERJA
C52: B | D52: BAHAN
D53: Bata merah | F53: buah | G53: 140
D54: Semen Portland | F54: Kg | G54: 26.55
D55: Pasir Pasang | F55: m3 | G55: 0.093
G56: JUMLAH HARGA BAHAN
C57: C | D57: PERALATAN
G59: JUMLAH HARGA ALAT
C60: D | D60: Jumlah (A+B+C)
C61: E | D61: Overhead & Profit (Contoh 15%) | G61: 15% x D (maksimum)
C62: F | D62: Harga Satuan Pekerjaan (D+E)
B64: 4 | C64: Pemasangan 1m2 dinding bata merah (5x11x22) cm tebal 1 batu campuran 1SP : 5PP
C65: No | D65: Uraian | E65: Kode | F65: Satuan | G65: Koefisien | H65: Harga Satuan (Rp) | I65: Jumlah Harga (Rp)
C66: A | D66: TENAGA
D67: Pekerja | E67: L.01 | F67: OH | G67: 0.6
D68: Tukang batu | E68: L.02 | F68: OH | G68: 0.2
D69: Kepala tukang | E69: L.03 | F69: OH | G69: 0.02
D70: Mandor | E70: L.04 | F70: OH | G70: 0.03
G71: JUMLAH TENAGA KERJA
C72: B | D72: BAHAN
D73: Bata merah | F73: buah | G73: 140
D74: Semen Portland | F74: Kg | G74: 22.2
D75: Pasir pasang | F75: m3 | G75: 0.102
G76: JUMLAH HARGA BAHAN
C77: C | D77: PERALATAN
G79: JUMLAH HARGA ALAT
C80: D | D80: Jumlah (A+B+C)
C81: E | D81: Overhead & Profit (Contoh 15%) | G81: 15% x D (maksimum)
C82: F | D82: Harga Satuan Pekerjaan (D+E)
B84: 5 | C84: Pemasangan 1m2 Dinding Bata Merah (5x11x22) cm tebal 1 batu campuran 1SP : 6PP
C85: No | D85: Uraian | E85: Kode | F85: Satuan | G85: Koefisien | H85: Harga Satuan (Rp) | I85: Jumlah Harga (Rp)
C86: A | D86: TENAGA
D87: Pekerja | E87: L.01 | F87: OH | G87: 0.6
D88: Tukang batu | E88: L.02 | F88: OH | G88: 0.2
D89: Kepala tukang | E89: L.03 | F89: OH | G89: 0.02
D90: Mandor | E90: L.04 | F90: OH | G90: 0.03
G91: JUMLAH TENAGA KERJA
C92: B | D92: BAHAN
D93: Bata merah | F93: buah | G93: 140
D94: Semen Portland | F94: Kg | G94: 18.5
D95: Pasir pasang | F95: m3 | G95: 0.122
G96: JUMLAH HARGA BAHAN
C97: C | D97: PERALATAN
G99: JUMLAH HARGA ALAT
C100: D | D100: Jumlah (A+B+C)
C101: E | D101: Overhead & Profit (Contoh 15%) | G101: 15% x D (maksimum)
C102: F | D102: Harga Satuan Pekerjaan (D+E)
B104: 6 | C104: Pemasangan 1m2 dinding bata merah (5x11x22) cm tebal 1 batu campuran 1SP : 3KP : 10PP
C105: No | D105: Uraian | E105: Kode | F105: Satuan | G105: Koefisien | H105: Harga Satuan (Rp) | I105: Jumlah Harga (Rp)
C106: A | D106: TENAGA
D107: Pekerja | E107: L.01 | F107: OH | G107: 0.6
D108: Tukang batu | E108: L.02 | F108: OH | G108: 0.2
D109: Kepala tukang | E109: L.03 | F109: OH | G109: 0.02
D110: Mandor | E110: L.04 | F110: OH | G110: 0.03
G111: JUMLAH TENAGA KERJA
C112: B | D112: BAHAN
...

Sheet A.1.6.Pekerjaan Beton
B2: A.1.6 | C2: ='[1]Lamp_1 (Konstruksi 1-199)'!$D$815 -> PEKERJAAN BETON
B4: 1 | C4: Membuat 1 m3 beton mutu f’c = 7,4 MPa
C5: No | D5: Uraian | E5: Kode | F5: Satuan | G5: Koefisien | H5: Harga Satuan (Rp) | I5: Jumlah Harga (Rp)
C6: A | D6: TENAGA
D7: Pekerja | E7: L.01 | F7: OH | G7: 1.65
D8: Tukang batu | E8: L.02 | F8: OH | G8: 0.275
D9: Kepala tukang | E9: L.03 | F9: OH | G9: 0.028
D10: Mandor | E10: L.04 | F10: OH | G10: 0.083
G11: JUMLAH TENAGA KERJA
C12: B | D12: BAHAN
D13: Semen Portland | F13: kg | G13: 247
D14: Pasir beton | F14: kg | G14: 869
D15: Kerikil (Maks 30 mm) | F15: kg | G15: 999
D16: Air | F16: Liter | G16: 215
G17: JUMLAH HARGA BAHAN
C18: C | D18: PERALATAN
G20: JUMLAH HARGA ALAT
C21: D | D21: Jumlah (A+B+C)
C22: E | D22: Overhead & Profit (Contoh 15 %) | G22: 15% x D (maksimum)
C23: F | D23: Harga Satuan Pekerjaan (D+E)
B25: 2 | C25: Membuat 1 m3 beton mutu f’c = 9,8 MPa
C26: No | D26: Uraian | E26: Kode | F26: Satuan | G26: Koefisien | H26: Harga Satuan (Rp) | I26: Jumlah Harga (Rp)
C27: A | D27: TENAGA
D28: Pekerja | E28: L.01 | F28: OH | G28: 1.65
D29: Tukang batu | E29: L.02 | F29: OH | G29: 0.275
D30: Kepala tukang | E30: L.03 | F30: OH | G30: 0.028
D31: Mandor | E31: L.04 | F31: OH | G31: 0.083
G32: JUMLAH TENAGA KERJA
C33: B | D33: BAHAN
D34: Semen Portland | F34: kg | G34: 276
D35: Pasir beton | F35: kg | G35: 828
D36: Kerikil (Maks 30mm) | F36: kg | G36: 1012
D37: Air | F37: Liter | G37: 215
G38: JUMLAH HARGA BAHAN
C39: C | D39: PERALATAN
G41: JUMLAH HARGA ALAT
C42: D | D42: Jumlah (A+B+C)
C43: E | D43: Overhead & Profit (Contoh 15 %) | G43: 15% x D (maksimum)
C44: F | D44: Harga Satuan Pekerjaan (D+E)
B46: 3 | C46: Membuat 1 m3 beton mutu f’c = 12,2 MPa
C47: No | D47: Uraian | E47: Kode | F47: Satuan | G47: Koefisien | H47: Harga Satuan (Rp) | I47: Jumlah Harga (Rp)
C48: A | D48: TENAGA
D49: Pekerja | E49: L.01 | F49: OH | G49: 1.65
D50: Tukang batu | E50: L.02 | F50: OH | G50: 0.275
D51: Kepala tukang | E51: L.03 | F51: OH | G51: 0.028
D52: Mandor | E52: L.04 | F52: OH | G52: 0.083
G53: JUMLAH TENAGA KERJA
C54: B | D54: BAHAN
D55: Semen portland | F55: kg | G55: 299
D56: Pasir beton | F56: kg | G56: 799
D57: Kerikil (Maks 30 mm) | F57: kg | G57: 1017
D58: Air | F58: Liter | G58: 215
G59: JUMLAH HARGA BAHAN
C60: C | D60: PERALATAN
G62: JUMLAH HARGA ALAT
C63: D | D63: Jumlah (A+B+C)
C64: E | D64: Overhead & Profit (Contoh 15 %) | G64: 15% x D (maksimum)
C65: F | D65: Harga Satuan Pekerjaan (D+E)
C66: CATATAN: Bobot isi pasir = 1.400 kg/m3, Bobot isi kerikil = 1.350 kg/m3, Buckling factor pasir = 20 %
B69: 4 | C69: Membuat 1 m3 lantai kerja beton mutu f’c = 7,4 MPa slump (3-6) cm, w/c = 0,87
C71: No | D71: Uraian | E71: Kode | F71: Satuan | G71: Koefisien | H71: Harga Satuan (Rp) | I71: Jumlah Harga (Rp)
C72: A | D72: TENAGA
D73: Pekerja | E73: L.01 | F73: OH | G73: 1.2
D74: Tukang batu | E74: L.02 | F74: OH | G74: 0.2
D75: Kepala tukang | E75: L.03 | F75: OH | G75: 0.02
D76: Mandor | E76: L.04 | F76: OH | G76: 0.06
G77: JUMLAH TENAGA KERJA
C78: B | D78: BAHAN
D79: Semen Portland | F79: kg | G79: 230
D80: Pasir beton | F80: kg | G80: 893
D81: Kerikil (Maks 30 mm) | F81: kg | G81: 1027
D82: Air | F82: Liter | G82: 200
G83: JUMLAH HARGA BAHAN
C84: C | D84: PERALATAN
G86: JUMLAH HARGA ALAT
C87: D | D87: Jumlah (A+B+C)
C88: E | D88: Overhead & Profit (Contoh 15 %) | G88: 15% x D (maksimum)
C89: F | D89: Harga Satuan Pekerjaan (D+E)
B91: 5 | C91: Membuat 1 m3 beton mutu f’c = 14,5 MPa, slump (120 ± 20) mm
C92: No | D92: Uraian | E92: Kode | F92: Satuan | G92: Koefisien | H92: Harga Satuan (Rp) | I92: Jumlah Harga (Rp)
C93: A | D93: TENAGA
D94: Pekerja | E94: L.01 | F94: OH | G94: 1.65
D95: Tukang batu | E95: L.02 | F95: OH | G95: 0.275
D96: Kepala tukang | E96: L.03 | F96: OH | G96: 0.028
D97: Mandor | E97: L.04 | F97: OH | G97: 0.083
G98: JUMLAH TENAGA KERJA
C99: B | D99: BAHAN
D100: Semen Portland | F100: kg | G100: 326
D101: Pasir beton | F101: kg | G101: 760
D102: Kerikil (Maks 30mm) | F102: kg | G102: 1029
D103: Air | F103: Liter | G103: 215
G104: JUMLAH HARGA BAHAN
C105: C | D105: PERALATAN
G107: JUMLAH HARGA ALAT
C108: D | D108: Jumlah (A+B+C)
C109: E | D109: Overhead & Profit (Contoh 15 %) | G109: 15% x D (maksimum)
C110: F | D110: Harga Satuan Pekerjaan (D+E)
B112: 6 | C112: Membuat 1 m3 beton mutu f’c = 16,9 Mpa
C113: No | D113: Uraian | E113: Kode | F113: Satuan | G113: Koefisien | H113: Harga Satuan (Rp) | I113: Jumlah Harga (Rp)
C114: A | D114: TENAGA
...

Sheet A.1.7.Beton Pracetak
B1: A.1.7 HARGA SATUAN PEKERJAAN BETON PRACETAK
C2: Untuk produksi pracetak bisa dilakukan dipabrik (cor di plant) atau di lapangan (cast in
C3: place). Indeks yang ada dalam pedoman ini hanya untuk pekerjaan produksi yang dilakukan di lapangan, terutama untuk analisa cetakan (bekisting) pracetak baik untuk komponen kolom, balok dan pelat.
B4: 1 | C4: (K3) Pembuatan 1 m2 lahan produksi tebal 8 cm beton f’c 14,5 MPa, slump (120 ± 20) mm
C5: No | D5: Uraian | E5: Kode | F5: Satuan | G5: Koefisien | H5: Harga Satuan (Rp) | I5: Jumlah Harga (Rp)
C6: A | D6: TENAGA
D7: Pekerja | E7: L.01 | F7: OH | G7: 0.132
D8: Tukang batu | E8: L.02 | F8: OH | G8: 0.022
D9: Kepala tukang | E9: L.03 | F9: OH | G9: 0.002
D10: Mandor | E10: L.04 | F10: OH | G10: 0.007
G11: JUMLAH TENAGA KERJA
C12: B | D12: BAHAN
D13: Semen PC | F13: Kg | G13: 26.08
D14: Pasir beton | F14: Kg | G14: 60.8
D15: Kerikil (maks 30 mm) | F15: Kg | G15: 82.32
D16: Air | F16: L | G16: 17.2
G17: JUMLAH HARGA BAHAN
C18: C | D18: PERALATAN
G20: JUMLAH HARGA ALAT
C21: D | D21: Jumlah (A+B+C)
C22: E | D22: Overhead & Profit (Contoh 15%) | G22: 15% x D (maksimum)
C23: F | D23: Harga Satuan Pekerjaan (D+E)
B25: 2 | C25: (K3) Pembuatan 1 m2 lahan produksi tebal 10 cm beton f’c 14,5 MPa, slump (120 ± 20) mm
C26: No | D26: Uraian | E26: Kode | F26: Satuan | G26: Koefisien | H26: Harga Satuan (Rp) | I26: Jumlah Harga (Rp)
C27: A | D27: TENAGA
D28: Pekerja | E28: L.01 | F28: OH | G28: 0.165
D29: Tukang batu | E29: L.02 | F29: OH | G29: 0.028
D30: Kepala tukang | E30: L.03 | F30: OH | G30: 0.003
D31: Mandor | E31: L.04 | F31: OH | G31: 0.008
G32: JUMLAH TENAGA KERJA
C33: B | D33: BAHAN
D34: Semen PC | F34: Kg | G34: 32.6
D35: Pasir beton | F35: Kg | G35: 76
D36: Kerikil (maks 30mm) | F36: Kg | G36: 102.9
D37: Air | F37: L | G37: 21.5
G38: JUMLAH HARGA BAHAN
C39: C | D39: PERALATAN
G41: JUMLAH HARGA ALAT
C42: D | D42: Jumlah (A+B+C)
C43: E | D43: Overhead & Profit (Contoh 15%) | G43: 15% x D (maksimum)
C44: F | D44: Harga Satuan Pekerjaan (D+E)
B46: 3 | C46: (K3) Pembuatan 1 m2 lahan produksi tebal 12 cm beton f’c 14,5 MPa, slump (120 ± 20) mm
C47: No | D47: Uraian | E47: Kode | F47: Satuan | G47: Koefisien | H47: Harga Satuan (Rp) | I47: Jumlah Harga (Rp)
C48: A | D48: TENAGA
D49: Pekerja | E49: L.01 | F49: OH | G49: 0.198
D50: Tukang batu | E50: L.02 | F50: OH | G50: 0.033
D51: Kepala tukang | E51: L.03 | F51: OH | G51: 0.003
D52: Mandor | E52: L.04 | F52: OH | G52: 0.01
G53: JUMLAH TENAGA KERJA
C54: B | D54: BAHAN
D55: Semen PC | F55: Kg | G55: 39.12
D56: Pasir beton | F56: Kg | G56: 91.2
D57: Kerikil (maks 30mm) | F57: Kg | G57: 123.48
D58: Air | F58: L | G58: 25.8
G59: JUMLAH HARGA BAHAN
C60: C | D60: PERALATAN
G62: JUMLAH HARGA ALAT
C63: D | D63: Jumlah (A+B+C)
C64: E | D64: Overhead & Profit (Contoh 15%) | G64: 15% x D (maksimum)
C65: F | D65: Harga Satuan Pekerjaan (D+E)
B67: 4 | C67: (K3) Pembuatan 1 m2 lahan produksi tebal 15 cm beton f’c 14,5 MPa, slump (120 ± 20) mm
C68: No | D68: Uraian | E68: Kode | F68: Satuan | G68: Koefisien | H68: Harga Satuan (Rp) | I68: Jumlah Harga (Rp)
C69: A | D69: TENAGA
D70: Pekerja | E70: L.01 | F70: OH | G70: 0.248
D71: Tukang batu | E71: L.02 | F71: OH | G71: 0.041
D72: Kepala tukang | E72: L.03 | F72: OH | G72: 0.004
D73: Mandor | E73: L.04 | F73: OH | G73: 0.013
G74: JUMLAH TENAGA KERJA
C75: B | D75: BAHAN
D76: Semen PC | F76: Kg | G76: 48.9
D77: Pasir beton | F77: Kg | G77: 114
D78: Kerikil (maks 30 mm) | F78: Kg | G78: 154.35
D79: Air | F79: L | G79: 32.25
G80: JUMLAH HARGA BAHAN
C81: C | D81: PERALATAN
G82: JUMLAH HARGA ALAT
C83: D | D83: Jumlah (A+B+C)
C84: E | D84: Overhead & Profit (Contoh 15%) | G84: 15% x D (maksimum)
C85: F | D85: Harga Satuan Pekerjaan (D+E)
B87: 5 | C87: Pembuatan 1 m2 bekisting untuk pelat beton pracetak ( 5 kali pakai)
C88: No | D88: Uraian | E88: Kode | F88: Satuan | G88: Koefisien | H88: Harga Satuan (Rp) | I88: Jumlah Harga (Rp)
C89: A | D89: TENAGA
D90: Pekerja | E90: L.01 | F90: OH | G90: 0.007
D91: Tukang kayu | E91: L.02 | F91: OH | G91: 0.076
D92: Kepala tukang | E92: L.03 | F92: OH | G92: 0.008
D93: Mandor | E93: L.04 | F93: OH | G93: 0.001
G94: JUMLAH TENAGA KERJA
C95: B | D95: BAHAN
D96: Lantai kerja t=10cm | F96: m3 | G96: 0.008
D97: Besi hollow (50 x 50 x 3) mm | F97: Kg | G97: 9.394
D98: Kayu kaso 5/7 (lebar 5 cm, tinggi 7 cm) | F98: m3 | G98: 0.005
D99: Phenol film 12 mm | F99: Lbr | G99: 0.08
D100: Minyak cetakan (bekisting) | F100: L | G100: 0.2
D101: Dinabolt Ø 12mm (10 s.d.15 cm) | F101: buah | G101: 3.882
G102: JUMLAH HARGA BAHAN
C103: C | D103: PERALATAN
G104: JUMLAH HARGA ALAT
C105: D | D105: Jumlah (A+B+C)
C106: E | D106: Overhead & Profit (Contoh 15%) | G106: 15% x D (maksimum)
C107: F | D107: Harga Satuan Pekerjaan (D+E)
...

Sheet A.1.8.Pekerjaan Plesteran
B1: A.1.8 | C1: ='[1]Lamp_1 (Konstruksi 1-199)'!$D$1432 -> PEKERJAAN PLESTERAN
B2: 1 | C2: Pemasangan 1 m2 plesteran 1SP : 1PP tebal 15 mm
C3: No | D3: Uraian | E3: Kode | F3: Satuan | G3: Koefisien | H3: Harga Satuan (Rp) | I3: Jumlah Harga (Rp)
C4: A | D4: TENAGA
D5: Pekerja | E5: L.01 | F5: OH | G5: 0.3
D6: Tukang batu | E6: L.03 | F6: OH | G6: 0.15
D7: Kepala tukang | E7: L.03 | F7: OH | G7: 0.015
D8: Mandor | E8: L.04 | F8: OH | G8: 0.015
G9: JUMLAH TENAGA KERJA
C10: B | D10: BAHAN
D11: PC | F11: Kg | G11: 15.504
D12: PP | F12: m3 | G12: 0.016
G13: JUMLAH HARGA BAHAN
C14: C | D14: PERALATAN
G16: JUMLAH HARGA ALAT
C17: D | D17: Jumlah (A+B+C)
C18: E | D18: Overhead & Profit (Contoh 15%) | G18: 15% x D (maksimum)
C19: F | D19: Harga Satuan Pekerjaan (D+E)
B21: 2 | C21: Pemasangan 1 m2 plesteran 1SP : 2PP tebal 15 mm
C22: No | D22: Uraian | E22: Kode | F22: Satuan | G22: Koefisien | H22: Harga Satuan (Rp) | I22: Jumlah Harga (Rp)
C23: A | D23: TENAGA
D24: Pekerja | E24: L.01 | F24: OH | G24: 0.3
D25: Tukang batu | E25: L.03 | F25: OH | G25: 0.15
D26: Kepala tukang | E26: L.03 | F26: OH | G26: 0.015
D27: Mandor | E27: L.04 | F27: OH | G27: 0.015
G28: JUMLAH TENAGA KERJA
C29: B | D29: BAHAN
D30: PC | F30: Kg | G30: 10.224
D31: PP | F31: m3 | G31: 0.02
G32: JUMLAH HARGA BAHAN
C33: C | D33: PERALATAN
G35: JUMLAH HARGA ALAT
C36: D | D36: Jumlah (A+B+C)
C37: E | D37: Overhead & Profit (Contoh 15%) | G37: 15% x D (maksimum)
C38: F | D38: Harga Satuan Pekerjaan (D+E)
B40: 3 | C40: Pemasangan 1 m2 plesteran 1SP : 3PP tebal 15mm
C41: No | D41: Uraian | E41: Kode | F41: Satuan | G41: Koefisien | H41: Harga Satuan (Rp) | I41: Jumlah Harga (Rp)
C42: A | D42: TENAGA
D43: Pekerja | E43: L.01 | F43: OH | G43: 0.3
D44: Tukang batu | E44: L.03 | F44: OH | G44: 0.15
D45: Kepala tukang | E45: L.03 | F45: OH | G45: 0.015
D46: Mandor | E46: L.04 | F46: OH | G46: 0.015
G47: JUMLAH TENAGA KERJA
C48: B | D48: BAHAN
D49: PC | F49: Kg | G49: 7.776
D50: PP | F50: m3 | G50: 0.023
G51: JUMLAH HARGA BAHAN
C52: C | D52: PERALATAN
G54: JUMLAH HARGA ALAT
C55: D | D55: Jumlah (A+B+C)
C56: E | D56: Overhead & Profit (Contoh 15%) | G56: 15% x D (maksimum)
C57: F | D57: Harga Satuan Pekerjaan (D+E)
B59: 4 | C59: Pemasangan 1 m2 plesteran 1SP : 4PP tebal 15 mm
C60: No | D60: Uraian | E60: Kode | F60: Satuan | G60: Koefisien | H60: Harga Satuan (Rp) | I60: Jumlah Harga (Rp)
C61: A | D61: TENAGA
D62: Pekerja | E62: L.01 | F62: OH | G62: 0.3
D63: Tukang batu | E63: L.03 | F63: OH | G63: 0.15
D64: Kepala tukang | E64: L.03 | F64: OH | G64: 0.015
D65: Mandor | E65: L.04 | F65: OH | G65: 0.015
G66: JUMLAH TENAGA KERJA
C67: B | D67: BAHAN
D68: PC | F68: Kg | G68: 6.24
D69: PP | F69: m3 | G69: 0.024
G70: JUMLAH HARGA BAHAN
C71: C | D71: PERALATAN
G73: JUMLAH HARGA ALAT
C74: D | D74: Jumlah (A+B+C)
C75: E | D75: Overhead & Profit (Contoh 15%) | G75: 15% x D (maksimum)
C76: F | D76: Harga Satuan Pekerjaan (D+E)
B78: 5 | C78: Pemasangan 1 m2 plesteran 1SP : 5PP tebal 15 mm
C79: No | D79: Uraian | E79: Kode | F79: Satuan | G79: Koefisien | H79: Harga Satuan (Rp) | I79: Jumlah Harga (Rp)
C80: A | D80: TENAGA
D81: Pekerja | E81: L.01 | F81: OH | G81: 0.3
D82: Tukang batu | E82: L.03 | F82: OH | G82: 0.15
D83: Kepala tukang | E83: L.03 | F83: OH | G83: 0.015
D84: Mandor | E84: L.04 | F84: OH | G84: 0.015
G85: JUMLAH TENAGA KERJA
C86: B | D86: BAHAN
D87: PC | F87: Kg | G87: 5.184
D88: PP | F88: m3 | G88: 0.026
G89: JUMLAH HARGA BAHAN
C90: C | D90: PERALATAN
G92: JUMLAH HARGA ALAT
C93: D | D93: Jumlah (A+B+C)
C94: E | D94: Overhead & Profit (Contoh 15%) | G94: 15% x D (maksimum)
C95: F | D95: Harga Satuan Pekerjaan (D+E)
B97: 6 | C97: Pemasangan 1 m2 plesteran 1SP : 6PP tebal 15 mm
C98: No | D98: Uraian | E98: Kode | F98: Satuan | G98: Koefisien | H98: Harga Satuan (Rp) | I98: Jumlah Harga (Rp)
C99: A | D99: TENAGA
D100: Pekerja | E100: L.01 | F100: OH | G100: 0.3
D101: Tukang batu | E101: L.03 | F101: OH | G101: 0.15
D102: Kepala tukang | E102: L.03 | F102: OH | G102: 0.015
D103: Mandor | E103: L.04 | F103: OH | G103: 0.015
G104: JUMLAH TENAGA KERJA
C105: B | D105: BAHAN
D106: PC | F106: Kg | G106: 4.416
D107: PP | F107: m3 | G107: 0.027
G108: JUMLAH HARGA BAHAN
C109: C | D109: PERALATAN
G111: JUMLAH HARGA ALAT
...

Sheet A.1.9.Pek Penutup Dinding
B2: A.1.9 | C2: ='[1]Lamp_1 (Konstruksi 1-199)'!$D$1703 -> PEKERJAAN PENUTUP LANTAI DAN DINDING
B4: 1 | C4: Pemasangan 1 m2 lantai ubin PC abu-abu ukuran 40cm x 40 cm
C5: No | D5: Uraian | E5: Kode | F5: Satuan | G5: Koefisien | H5: Harga Satuan (Rp) | I5: Jumlah Harga (Rp)
C6: A | D6: TENAGA
D7: Pekerja | E7: L.01 | F7: OH | G7: 0.25
D8: Tukang atu | E8: L.02 | F8: OH | G8: 0.125
D9: Kepala tukang | E9: L.03 | F9: OH | G9: 0.013
D10: Mandor | E10: L.04 | F10: OH | G10: 0.013
G11: JUMLAH TENAGA KERJA
C12: B | D12: BAHAN
D13: Ubin abu-abu | F13: buah | G13: 6.63
D14: Semen Portland | F14: kg | G14: 9.8
D15: Pasir pasang | F15: M3 | G15: 0.045
G16: JUMLAH HARGA BAHAN
C17: C | D17: PERALATAN
G19: JUMLAH HARGA ALAT
C20: D | D20: Jumlah (A+B+C)
C21: E | D21: Overhead & Profit (Contoh 15%) | G21: 15% x D (maksimum)
C22: F | D22: Harga Satuan Pekerjaan (D+E)
B24: 2 | C24: Pemasangan 1 m2 lantai ubin PC abu-abu ukuran 30 cm x30 cm
C25: No | D25: Uraian | E25: Kode | F25: Satuan | G25: Koefisien | H25: Harga Satuan (Rp) | I25: Jumlah Harga (Rp)
C26: A | D26: TENAGA
D27: Pekerja | E27: L.01 | F27: OH | G27: 0.25
D28: Tukang batu | E28: L.02 | F28: OH | G28: 0.125
D29: Kepala tukang | E29: L.03 | F29: OH | G29: 0.013
D30: Mandor | E30: L.04 | F30: OH | G30: 0.013
G31: JUMLAH TENAGA KERJA
C32: B | D32: BAHAN
D33: Ubin abu-abu | F33: Bh | G33: 11.87
D34: Semen Portland | F34: kg | G34: 10
D35: Pasir pasang | F35: M3 | G35: 0.045
G36: JUMLAH HARGA BAHAN
C37: C | D37: PERALATAN
G39: JUMLAH HARGA ALAT
C40: D | D40: Jumlah (A+B+C)
C41: E | D41: Overhead & Profit (Contoh 15%) | G41: 15% x D (maksimum)
C42: F | D42: Harga Satuan Pekerjaan (D+E)
B44: 3 | C44: Pemasangan 1 m2 lantai ubin PC abu-abu ukuran 20 cm x 20 cm
C45: No | D45: Uraian | E45: Kode | F45: Satuan | G45: Koefisien | H45: Harga Satuan (Rp) | I45: Jumlah Harga (Rp)
C46: A | D46: TENAGA
D47: Pekerja | E47: L.01 | F47: OH | G47: 0.27
D48: Tukang batu | E48: L.02 | F48: OH | G48: 0.135
D49: Kepala tukang | E49: L.03 | F49: OH | G49: 0.014
D50: Mandor | E50: L.04 | F50: OH | G50: 0.014
G51: JUMLAH TENAGA KERJA
C52: B | D52: BAHAN
D53: Ubin abu-abu | F53: buah | G53: 26.5
D54: Semen Portland | F54: kg | G54: 10.4
D55: Pasir pasang | F55: M3 | G55: 0.045
G56: JUMLAH HARGA BAHAN
C57: C | D57: PERALATAN
G59: JUMLAH HARGA ALAT
C60: D | D60: Jumlah (A+B+C)
C61: E | D61: Overhead & Profit (Contoh 15%) | G61: 15% x D (maksimum)
C62: F | D62: Harga Satuan Pekerjaan (D+E)
B64: 4 | C64: Pemasangan 1 m2 lantai ubin warna ukuran 40 cm x 40 cm
C65: No | D65: Uraian | E65: Kode | F65: Satuan | G65: Koefisien | H65: Harga Satuan (Rp) | I65: Jumlah Harga (Rp)
C66: A | D66: TENAGA
D67: Pekerja | E67: L.01 | F67: OH | G67: 0.25
D68: Tukang datu | E68: L.02 | F68: OH | G68: 0.125
D69: Kepala tukang | E69: L.03 | F69: OH | G69: 0.013
D70: Mandor | E70: L.04 | F70: OH | G70: 0.013
G71: JUMLAH TENAGA KERJA
C72: B | D72: BAHAN
D73: Ubin warna | F73: Bh | G73: 6.63
D74: Semen Portland | F74: kg | G74: 9.8
D75: Semen warna | F75: Kg | G75: 0.6
D76: Pasir pasang | F76: M3 | G76: 0.045
G77: JUMLAH HARGA BAHAN
C78: C | D78: PERALATAN
G80: JUMLAH HARGA ALAT
C81: D | D81: Jumlah (A+B+C)
C82: E | D82: Overhead & Profit (Contoh 15%) | G82: 15% x D (maksimum)
C83: F | D83: Harga Satuan Pekerjaan (D+E)
B85: 5 | C85: Pemasangan 1 m2 lantai ubin warna ukuran 30 cm x 30 cm
C86: No | D86: Uraian | E86: Kode | F86: Satuan | G86: Koefisien | H86: Harga Satuan (Rp) | I86: Jumlah Harga (Rp)
C87: A | D87: TENAGA
D88: Pekerja | E88: L.01 | F88: OH | G88: 0.26
D89: Tukang batu | E89: L.02 | F89: OH | G89: 0.13
D90: Kepala tukang | E90: L.03 | F90: OH | G90: 0.013
D91: Mandor | E91: L.04 | F91: OH | G91: 0.013
G92: JUMLAH TENAGA KERJA
C93: B | D93: BAHAN
D94: Ubin warna | F94: Bh | G94: 11.87
D95: Semen Portland | F95: kg | G95: 10
D96: Semen warna | F96: Kg | G96: 0.6
D97: Pasir pasang | F97: M3 | G97: 0.045
G98: JUMLAH HARGA BAHAN
C99: C | D99: PERALATAN
G101: JUMLAH HARGA ALAT
C102: D | D102: Jumlah (A+B+C)
C103: E | D103: Overhead & Profit (Contoh 15%) | G103: 15% x D (maksimum)
C104: F | D104: Harga Satuan Pekerjaan (D+E)
B106: 6 | C106: Pemasangan 1 m2 lantai ubin warna ukuran 20 cm x 20 cm
C107: No | D107: Uraian | E107: Kode | F107: Satuan | G107: Koefisien | H107: Harga Satuan (Rp) | I107: Jumlah Harga (Rp)
C108: A | D108: TENAGA
D109: Pekerja | E109: L.01 | F109: OH | G109: 0.27
D110: Tukang batu | E110: L.02 | F110: OH | G110: 0.135
D111: Kepala tukang | E111: L.03 | F111: OH | G111: 0.014
D112: Mandor | E112: L.04 | F112: OH | G112: 0.014
...

Sheet A.1.10.Pek Konblok
B2: A.1.10 | C2: =REKAP!C283 -> PEKERJAAN CONBLOCK
B3: 1 | C3: Pemasangan 1 m2 paving block natural tebal 6 cm
C4: No | D4: Uraian | E4: Kode | F4: Satuan | G4: Koefisien | H4: Harga Satuan (Rp) | I4: Jumlah Harga (Rp)
C5: A | D5: TENAGA
D6: Pekerja | E6: L.01 | F6: OH | G6: 0.25
D7: Tukang batu | E7: L.02 | F7: OH | G7: 0.5
D8: Kepala tukang | E8: L.03 | F8: OH | G8: 0.05
D9: Mandor | E9: L.04 | F9: OH | G9: 0.0013
G10: JUMLAH TENAGA KERJA
C11: B | D11: BAHAN
D12: Paving block 6 cm | F12: M2 | G12: 1.01
D13: Pasir beton | F13: M3 | G13: 0.05
G14: JUMLAH HARGA BAHAN
C15: C | D15: PERALATAN
D16: Peralatan | F16: % | G16: 10
G17: JUMLAH HARGA ALAT
C18: D | D18: Jumlah (A+B+C)
C19: E | D19: Overhead & Profit (Contoh 15%) | G19: 15% x D (maksimum)
B21: 2 | C21: Pemasangan 1 m2 paving block natural tebal 8 cm
C22: No | D22: Uraian | E22: Kode | F22: Satuan | G22: Koefisien | H22: Harga Satuan (Rp) | I22: Jumlah Harga (Rp)
C23: A | D23: TENAGA
D24: Pekerja | E24: L.01 | F24: OH | G24: 0.5
D25: Tukang batu | E25: L.02 | F25: OH | G25: 0.5
D26: Kepala tukang | E26: L.03 | F26: OH | G26: 0.05
D27: Mandor | E27: L.04 | F27: OH | G27: 0.0013
G28: JUMLAH TENAGA KERJA
C29: B | D29: BAHAN
D30: Paving block 8 cm natural | F30: M2 | G30: 1.01
D31: Pasir beton | F31: M3 | G31: =G13 -> 0.05
G32: JUMLAH HARGA BAHAN
C33: C | D33: PERALATAN
D34: Peralatan | F34: % | G34: 10
G35: JUMLAH HARGA ALAT
C36: D | D36: Jumlah (A+B+C)
C37: E | D37: Overhead & Profit (Contoh 15%) | G37: 15% x D (maksimum)
B39: 3 | C39: Pemasangan 1 m2 paving block berwarna tebal 6 cm
C40: No | D40: Uraian | E40: Kode | F40: Satuan | G40: Koefisien | H40: Harga Satuan (Rp) | I40: Jumlah Harga (Rp)
C41: A | D41: TENAGA
D42: Pekerja | E42: L.01 | F42: OH | G42: 0.25
D43: Tukang batu | E43: L.02 | F43: OH | G43: 0.5
D44: Kepala tukang | E44: L.03 | F44: OH | G44: 0.05
D45: Mandor | E45: L.04 | F45: OH | G45: 0.0013
G46: JUMLAH TENAGA KERJA
C47: B | D47: BAHAN
D48: Paving block 6cm berwarna | F48: M2 | G48: 1.01
D49: Pasir beton | F49: M3 | G49: 0.05
G50: JUMLAH HARGA BAHAN
C51: C | D51: PERALATAN
D52: Peralatan | F52: % | G52: 10
G53: JUMLAH HARGA ALAT
C55: D | D55: Jumlah (A+B+C)
C56: E | D56: Overhead & Profit (Contoh 15%) | G56: 15% x D (maksimum)
B58: 4 | C58: Pemasangan 1 m2 paving block berwarna tebal 8 cm
C59: No | D59: Uraian | E59: Kode | F59: Satuan | G59: Koefisien | H59: Harga Satuan (Rp) | I59: Jumlah Harga (Rp)
C60: A | D60: TENAGA
D61: Pekerja | E61: L.01 | F61: OH | G61: 0.5
D62: Tukang batu | E62: L.02 | F62: OH | G62: 0.5
D63: Kepala tukang | E63: L.03 | F63: OH | G63: 0.05
D64: Mandor | E64: L.04 | F64: OH | G64: 0.0013
G65: JUMLAH TENAGA KERJA
C66: B | D66: BAHAN
D67: Paving block 8 cm berwarna | F67: M2 | G67: 1.01
D68: Pasir beton | F68: M3 | G68: =G49 -> 0.05
G69: JUMLAH HARGA BAHAN
C70: C | D70: PERALATAN
D71: Peralatan | F71: % | G71: 10
G72: JUMLAH HARGA ALAT
C73: D | D73: Jumlah (A+B+C)
C74: E | D74: Overhead & Profit (Contoh 15%) | G74: 15% x D (maksimum)
B76: 5 | C76: =REKAP!E299 -> Pasang grassblock bulat tebal 10 cm, tebal pasir 5 cm
C77: No | D77: Uraian | E77: Kode | F77: Satuan | G77: Koefisien | H77: Harga Satuan | I77: Jumlah
H78: (Rp) | I78: (Rp)
C79: A | D79: Tenaga
C80: 1 | D80: Pekerja | F80: oh | G80: 0.5
C81: 2 | D81: Tukang batu | F81: oh | G81: 0.25
C82: 3 | D82: Kepala tukang Batu | F82: oh | G82: 0.025 | I82: =G82*H82 -> 0
C83: 4 | D83: Mandor | F83: oh | G83: 0.025 | I83: =G83*H83 -> 0
C84: Jumlah Harga Tenaga Kerja | I84: =SUM(I79:I83) -> 0
C85: B | D85: Bahan
C86: 1 | D86: Grassblock | F86: m2 | G86: 1 | I86: =G86*H86 -> 0
C87: 2 | D87: Pasir urug | F87: m3 | G87: 0.05
C88: Jumlah Harga Bahan | I88: =SUM(I85:I87) -> 0
C89: C | D89: Peralatan
I90: =G90*H90 -> 0
C91: Jumlah Harga Peralatan | I91: =SUM(I89:I90) -> 0
C92: D | D92: Jumlah Harga Tenaga, Bahan dan Peralatan ( A + B + C ) | I92: =I84+I88+I91 -> 0
C93: E | D93: Overhead + Profit | H93: =I92 -> 0 | I93: =G93*H93 -> 0
C94: F | D94: Harga Satuan Pekerjaan ( D + E ) | I94: =I92+I93 -> 0
B96: 6 | C96: =REKAP!E300 -> Pasang grassblock tebal 10 cm, tebal pasir 5 cm
C97: No | D97: Uraian | E97: Kode | F97: Satuan | G97: Koefisien | H97: Harga Satuan | I97: Jumlah
H98: (Rp) | I98: (Rp)
C99: A | D99: Tenaga
C100: 1 | D100: Pekerja | F100: oh | G100: 0.5
C101: 2 | D101: Tukang batu | F101: oh | G101: 0.25
C102: 3 | D102: Kepala tukang Batu | F102: oh | G102: 0.025 | I102: =G102*H102 -> 0
C103: 4 | D103: Mandor | F103: oh | G103: 0.025 | I103: =G103*H103 -> 0
C104: Jumlah Harga Tenaga Kerja | I104: =SUM(I99:I103) -> 0
C105: B | D105: Bahan
C106: 1 | D106: Grassblock | F106: m2 | G106: 1 | I106: =G106*H106 -> 0
C107: 2 | D107: Pasir urug | F107: m3 | G107: 0.05
...

Sheet TENAGA
C4: DAFTAR HARGA SATUAN TENAGA KERJA
C6: No | D6: Tenaga Kerja | E6: Kode | F6: Satuan | G6: Harga Satuan
G7: ( Rp. )
C8: 1 | D8: Pekerja | E8: L.01 | F8: Oh | G8: 0
C9: 2 | D9: Tukang | E9: L.02 | F9: Oh | G9: 0
D10: Tukang gali | E10: L.02 | F10: Oh | G10: 0
D11: Tukang batu/ tembok | E11: L.02 | F11: Oh | G11: 0
D12: Tukang kayu | E12: L.02 | F12: Oh | G12: 0
D13: Tukang besi/ besi beton | E13: L.02 | F13: Oh | G13: 0
D14: Tukang cat/ politur | E14: L.02 | F14: Oh | G14: 0
D15: Tukang pipa/ operator pompa | E15: L.02 | F15: Oh | G15: 0
D16: Tukang penganyam bronjong | E16: L.02 | F16: Oh | G16: 0
D17: Tukang tebas | E17: L.02 | F17: Oh | G17: 0
D18: Tukang las | E18: L.02 | F18: Oh | G18: 0
C19: 3 | D19: Kepala tukang | E19: L.03 | F19: Oh | G19: 0
C20: 4 | D20: Mandor | E20: L.04 | F20: Oh | G20: 0
C21: 5 | D21: Juru ukur | E21: L.05 | F21: Oh | G21: 0
C22: 6 | D22: Pembantu juru ukur | E22: L.06 | F22: Oh | G22: 0
C23: 7 | D23: Ahli alat berat (mekanik) | E23: L.07 | F23: Oh | G23: 0
C24: 8 | D24: Operator alat berat | E24: L.08 | F24: Oh | G24: 0
C25: 9 | D25: Pembantu operator | E25: L.09 | F25: Oh | G25: 0
C26: 10 | D26: Sopir truk | E26: L.10 | F26: Oh | G26: 0
C27: 11 | D27: Kenek truk | E27: L.11 | F27: Oh | G27: 0
C28: 12 | D28: Penjaga malam | E28: L.12 | F28: Oh | G28: 0
C29: 13 | D29: Juru gambar (drafter) | E29: L.13 | F29: Oh | G29: 0
C30: 14 | D30: Design Engineer | E30: L.14 | F30: Oh | G30: 0
... C32: 16 | D32: Lainnya | E32: L.16 | F32: Oh | G32: 0
